usgs_id,usgs_mag,event_at,solaration_year,solar_secs,lunar_secs,midnight_secs,latitude,longitude,depth
iscgem897116,6.29,1949-12-25T23:17:31Z,1950,327293,534128,30984,36.731,139.722,10.0
iscgem895184,6.71,1950-02-03T02:51:54Z,1950,3709756,1363956,34320,21.85,100.029,35.0
iscgem895440,6.2,1950-05-19T07:05:35Z,1950,12796977,195085,66059,-20.595,168.853,15.0
iscgem895458,6.87,1950-05-26T01:17:28Z,1950,13380890,778998,45274,-20.515,169.278,35.0
iscgem895567,6.18,1950-07-07T16:54:13Z,1950,17065895,1904499,13744,-10.913,163.716,15.0
iscgem895686,6.17,1950-08-15T18:38:48Z,1950,20441770,179444,3703,28.52,95.731,25.0
iscgem895693,6.23,1950-08-16T06:42:05Z,1950,20485167,222841,47139,28.38,95.894,25.0
iscgem895968,6.2,1950-10-23T17:48:00Z,1950,26400322,1052078,42075,14.188,-91.688,65.0
iscgem895990,6.01,1950-10-26T03:49:54Z,1950,26609236,1260992,57504,-32.785,-177.879,15.0
iscgem896132,6.22,1950-12-03T07:47:36Z,1950,29906698,2017343,68280,-17.838,167.602,15.8
iscgem896144,6.23,1950-12-04T07:38:06Z,1950,29992528,2103173,67714,-17.944,167.62,25.0
iscgem894742,6.12,1951-09-28T14:37:27Z,1951,24207862,2339284,10179,-29.526,-176.95,15.0
iscgem894824,7.23,1951-10-22T03:29:35Z,1951,26241390,1819988,41697,23.917,121.343,25.0
iscgem894825,6.7,1951-10-22T04:28:12Z,1951,26244907,1823505,45199,23.769,121.282,25.0
iscgem894826,6.46,1951-10-22T05:17:48Z,1951,26247883,1826481,48122,23.728,121.062,25.0
iscgem894828,6.96,1951-10-22T05:43:07Z,1951,26249402,1828000,49721,23.775,121.393,20.0
iscgem894831,6.51,1951-10-22T11:11:08Z,1951,26269083,1847681,69445,23.889,121.571,25.0
iscgem894833,6.31,1951-10-22T13:01:17Z,1951,26275692,1854290,76038,23.733,121.508,25.0
iscgem894835,6.45,1951-10-22T14:46:51Z,1951,26282026,1860624,82329,23.904,121.326,20.0
iscgem894836,6.54,1951-10-22T15:29:53Z,1951,26284608,1863206,84992,24.067,121.664,20.0
iscgem894837,6.46,1951-10-22T16:07:01Z,1951,26286836,1865434,775,24.022,121.478,25.0
iscgem894838,6.18,1951-10-22T18:42:37Z,1951,26296172,1874770,10082,23.396,121.357,25.0
iscgem894839,6.0,1951-10-22T20:24:51Z,1951,26302306,1880904,16372,24.269,122.005,25.0
iscgem894840,6.27,1951-10-22T20:51:42Z,1951,26303917,1882515,17894,23.512,121.635,25.0
iscgem894842,6.56,1951-10-23T01:19:42Z,1951,26319997,1898595,33923,23.867,121.424,25.0
iscgem894844,6.31,1951-10-23T08:55:19Z,1951,26347334,1925932,61290,23.892,121.548,25.0
iscgem894846,6.07,1951-10-23T18:18:50Z,1951,26381145,1959743,8829,23.964,122.081,25.0
iscgem894849,6.27,1951-10-24T03:39:07Z,1951,26414762,1993360,42336,23.946,121.623,35.0
iscgem894893,6.34,1951-11-06T18:50:33Z,1951,27592648,622573,18457,47.276,154.268,35.0
iscgem894931,6.1,1951-11-15T08:25:52Z,1951,28332767,1362692,68829,52.553,160.322,30.0
iscgem894934,6.13,1951-11-15T10:02:41Z,1951,28338576,1368501,74635,52.455,160.309,30.0
iscgem894935,6.23,1951-11-15T10:31:35Z,1951,28340310,1370235,76356,52.629,160.257,36.1
iscgem894940,6.31,1951-11-15T19:42:11Z,1951,28373346,1403271,23028,52.272,160.406,30.5
iscgem894943,6.14,1951-11-15T21:59:16Z,1951,28381571,1411496,31225,52.207,160.288,30.0
iscgem894945,6.07,1951-11-16T15:03:23Z,1951,28443018,1472943,6228,52.245,160.105,30.0
iscgem894946,6.2,1951-11-16T15:20:40Z,1951,28444055,1473980,7263,52.039,160.098,30.0
iscgem892555,6.3,1952-03-04T16:30:58Z,1952,6309068,717313,7981,42.198,145.516,12.4
iscgem892566,6.44,1952-03-05T03:49:09Z,1952,6349759,758004,48677,42.158,145.537,16.0
iscgem892570,6.27,1952-03-05T09:17:10Z,1952,6369440,777685,68291,42.105,145.258,25.0
iscgem892575,6.31,1952-03-05T15:54:14Z,1952,6393264,801509,5881,41.984,145.948,15.0
iscgem892659,6.16,1952-03-21T16:10:39Z,1952,7776649,2184894,11583,-10.88,165.604,20.0
iscgem892777,6.26,1952-04-16T14:16:51Z,1952,10016221,1879468,45289,-56.763,-25.512,15.0
iscgem893061,6.12,1952-06-22T10:08:20Z,1952,15790110,5009,73323,46.873,153.432,25.0
iscgem893604,6.47,1952-10-26T15:53:09Z,1952,26697199,666665,5131,39.522,143.094,27.7
iscgem893608,6.46,1952-10-26T18:02:05Z,1952,26704935,674401,12985,39.402,143.585,25.0
iscgem893609,6.26,1952-10-26T19:19:21Z,1952,26709571,679037,17518,39.44,143.157,24.2
iscgem893616,6.48,1952-10-27T03:17:17Z,1952,26738247,707713,46201,39.438,143.185,22.5
iscgem893624,6.02,1952-10-28T16:45:23Z,1952,26873133,842599,8341,39.318,143.409,15.0
iscgem893658,6.15,1952-11-04T23:29:06Z,1952,27502156,1471622,36054,50.671,157.951,30.0
iscgem893666,6.47,1952-11-05T13:06:31Z,1952,27551201,1520667,85549,52.46,159.829,25.0
iscgem893668,6.07,1952-11-05T14:48:45Z,1952,27557335,1526801,4467,49.936,156.427,30.4
iscgem893672,6.35,1952-11-05T22:46:07Z,1952,27585977,1555443,33964,51.951,159.989,30.0
iscgem16967949,6.1,1952-11-08T17:04:34Z,1952,27824684,1794150,12669,49.752,156.649,35.0
iscgem893930,6.08,1952-12-24T08:33:31Z,1953,211836,628277,67115,-5.353,151.27,45.0
iscgem893938,6.38,1952-12-24T21:37:12Z,1953,258857,675298,27910,-5.526,151.994,35.0
iscgem893940,6.2,1952-12-25T02:28:46Z,1953,276351,692792,45338,-5.605,151.717,35.0
iscgem891597,6.1,1953-04-01T10:49:44Z,1953,8687209,1467897,19592,-0.254,-80.804,10.0
iscgem891785,6.82,1953-06-26T05:42:57Z,1953,16099202,1262906,50335,-8.462,123.992,25.0
iscgem891907,6.19,1953-08-12T12:05:24Z,1953,20182949,244539,48523,37.9,20.83,15.0
iscgem892192,6.51,1953-11-26T00:03:35Z,1953,29298040,1663564,34174,34.378,141.499,25.0
iscgem892194,6.2,1953-11-26T01:47:34Z,1953,29304279,1669803,40422,34.169,141.537,37.0
iscgem892200,6.7,1953-11-26T08:14:19Z,1953,29327484,1693008,63607,34.26,141.451,25.0
iscgem892318,6.23,1953-12-24T02:33:45Z,1954,169351,1525559,47656,51.917,160.131,15.0
iscgem892319,6.46,1953-12-24T23:21:16Z,1954,244202,1600410,36063,52.226,159.946,25.0
iscgem890241,6.52,1954-01-12T14:16:30Z,1954,1853116,647721,4603,-48.57,165.057,35.0
iscgem890246,6.71,1954-01-13T00:13:14Z,1954,1888920,683525,40460,-48.707,165.278,15.0
iscgem890359,6.8,1954-02-19T21:34:51Z,1954,5162617,1402779,56855,11.775,-86.818,35.0
iscgem890578,6.56,1954-04-29T10:49:32Z,1954,11085498,2240685,11893,29.04,-112.833,10.0
iscgem891037,6.1,1954-09-06T16:47:05Z,1954,22338951,800785,3080,20.724,121.064,25.0
iscgem891357,6.6,1954-12-16T11:11:35Z,1954,31045221,1809684,12047,39.207,-117.704,15.0
iscgem889085,6.5,1955-01-05T23:42:10Z,1955,1261082,1008552,39194,-16.113,167.768,15.0
iscgem889086,6.2,1955-01-06T02:22:45Z,1955,1270717,1018187,48785,-16.171,167.585,35.0
iscgem889118,6.45,1955-01-13T02:35:51Z,1955,1876303,1623773,55524,53.031,-167.613,40.0
iscgem889219,6.12,1955-02-15T06:21:28Z,1955,4741040,1919702,62928,-13.754,166.837,65.0
iscgem889287,6.07,1955-03-06T10:55:33Z,1955,6399085,1018887,68696,9.574,122.347,15.0
iscgem889426,6.92,1955-04-15T04:13:30Z,1955,9830962,1902674,33100,39.897,74.545,20.0
iscgem889446,6.13,1955-04-20T02:12:34Z,1955,10255706,2327418,77091,-30.4,-71.933,25.0
iscgem889447,6.26,1955-04-20T05:48:35Z,1955,10268667,2340379,3618,-30.664,-72.071,15.0
iscgem889486,6.23,1955-05-01T13:58:45Z,1955,11248477,780766,84847,39.788,143.843,10.0
iscgem889596,6.07,1955-06-02T02:02:18Z,1955,13970290,968637,50532,51.499,179.979,35.0
iscgem889708,6.05,1955-07-03T14:26:37Z,1955,16693349,1160103,8166,51.485,177.373,30.6
iscgem889987,6.13,1955-10-09T17:40:17Z,1955,25172169,2028074,13948,-4.948,153.048,50.0
iscgem887963,6.1,1956-02-15T01:20:42Z,1956,4702201,272589,63514,31.501,-115.535,7.7
iscgem888829,6.21,1956-10-25T05:21:46Z,1956,26575865,1817845,84969,11.696,-86.407,35.0
iscgem885789,6.36,1957-01-02T00:39:29Z,1957,963613,80765,48414,52.47,-168.149,20.0
iscgem885790,6.68,1957-01-02T02:17:42Z,1957,969506,86658,54247,52.319,-168.396,20.0
iscgem885791,6.59,1957-01-02T03:12:57Z,1957,972821,89973,57625,52.599,-168.135,20.0
iscgem885795,6.46,1957-01-02T04:03:35Z,1957,975859,93011,60561,52.571,-168.561,20.0
iscgem885796,6.14,1957-01-02T10:49:37Z,1957,1000221,117373,85027,52.426,-168.127,25.0
iscgem885935,6.56,1957-02-10T22:32:21Z,1957,4411985,954473,25026,10.336,126.191,20.0
iscgem885937,6.58,1957-02-11T01:14:49Z,1957,4421733,964221,34765,10.127,126.153,20.0
iscgem885944,6.2,1957-02-11T14:25:42Z,1957,4469186,1011674,82278,9.998,126.403,15.0
iscgem886014,6.4,1957-03-08T12:21:17Z,1957,6621721,590949,49887,39.233,22.542,10.0
iscgem886117,6.44,1957-03-12T07:39:20Z,1957,6950404,919632,71189,51.191,-178.214,10.0
iscgem886445,7.1,1957-04-24T19:10:13Z,1957,10707057,2109087,75931,36.493,28.829,35.0
iscgem886499,6.3,1957-05-02T11:38:59Z,1957,11371183,215123,1445,52.474,-168.728,26.0
iscgem886606,6.02,1957-05-26T09:36:38Z,1957,13437442,2281382,42004,40.62,30.86,15.0
iscgem886719,6.06,1957-06-18T02:12:21Z,1957,15397985,1694011,30898,14.226,95.657,45.0
iscgem887058,6.1,1957-08-20T06:27:13Z,1957,20856477,2080759,61840,-10.05,160.863,25.0
iscgem887594,6.0,1957-11-26T05:10:10Z,1957,29319054,391864,46434,-1.841,115.937,45.0
iscgem883714,6.85,1958-01-19T14:43:30Z,1958,2462105,2536310,33920,1.153,-79.543,27.5
iscgem883766,6.26,1958-02-01T18:02:42Z,1958,3597257,1108504,45929,1.55,-79.305,25.0
iscgem883768,6.34,1958-02-01T20:45:49Z,1958,3607044,1118291,55754,1.446,-79.146,25.0
iscgem884133,6.23,1958-04-07T18:30:16Z,1958,9214911,1586440,14630,38.327,143.393,15.0
iscgem884195,6.12,1958-04-15T01:30:49Z,1958,9844944,2216473,72750,0.907,-79.581,25.0
iscgem884401,6.23,1958-05-18T12:21:24Z,1958,12735179,2537886,84517,-13.262,166.807,45.0
iscgem885428,6.07,1958-11-07T04:59:59Z,1958,27655894,2189293,53836,44.367,149.324,36.5
iscgem885499,6.08,1958-11-13T04:04:44Z,1958,28170979,163868,50256,44.238,148.217,45.0
iscgem881316,6.38,1959-01-30T22:16:53Z,1959,3418642,1874596,28485,43.429,144.467,25.0
iscgem881402,6.45,1959-02-15T03:59:30Z,1959,4735199,635855,8187,-59.572,-25.764,25.0
iscgem881595,6.2,1959-03-18T00:41:24Z,1959,7401713,741029,33611,27.118,129.7,15.0
iscgem882383,6.45,1959-07-03T17:55:13Z,1959,16708542,2354520,19620,-16.197,172.946,15.0
iscgem882678,6.3,1959-08-18T15:26:10Z,1959,20673999,1212747,28963,44.812,-110.864,10.0
iscgem882703,6.06,1959-08-21T08:05:38Z,1959,20906767,1445515,62544,-50.582,139.193,15.0
iscgem882901,6.29,1959-09-14T17:06:21Z,1959,23012810,1005054,19062,-28.628,-177.166,35.0
iscgem882906,6.13,1959-09-14T22:23:58Z,1959,23031867,1024111,38093,-28.762,-177.271,25.0
iscgem882910,6.8,1959-09-15T05:59:48Z,1959,23059217,1051461,65562,-28.572,-176.778,35.0
iscgem883351,6.23,1959-11-26T07:06:25Z,1959,29284014,2190333,50262,-5.482,102.823,35.0
iscgem883519,6.11,1959-12-21T11:14:22Z,1959,31458891,1823312,84564,-27.571,-176.244,35.0
iscgem878083,6.22,1960-01-23T07:31:21Z,1960,2739432,2118153,57686,-4.071,127.522,25.0
iscgem878085,6.16,1960-01-23T17:56:40Z,1960,2776951,2155672,8787,-4.119,127.449,35.0
iscgem878461,6.1,1960-03-06T02:22:15Z,1960,6436086,719935,39441,0.852,128.776,30.0
iscgem878572,6.1,1960-03-21T00:34:54Z,1960,7725645,2009494,36468,39.781,143.225,15.0
iscgem878584,6.0,1960-03-21T09:18:24Z,1960,7757055,2040904,67924,39.619,143.42,15.0
iscgem878608,6.41,1960-03-23T01:07:18Z,1960,7900389,2184238,38435,39.516,143.321,15.0
iscgem878627,6.2,1960-03-23T22:22:40Z,1960,7976911,2260760,28552,39.235,143.303,15.0
iscgem878654,6.04,1960-03-27T03:48:35Z,1960,8255666,2539515,53558,-13.569,166.014,50.0
iscgem879106,8.1,1960-05-21T10:02:57Z,1960,13030128,2204330,18573,-37.824,-73.353,25.0
iscgem879111,6.2,1960-05-21T13:00:04Z,1960,13040755,2214957,29238,-37.364,-73.194,25.0
iscgem879127,7.14,1960-05-22T10:30:44Z,1960,13118195,2292397,20320,-37.775,-73.017,25.0
iscgem879128,6.8,1960-05-22T10:32:47Z,1960,13118318,2292520,20412,-37.86,-73.149,25.0
iscgem879134,8.6,1960-05-22T18:56:02Z,1960,13148513,2322715,50633,-38.061,-73.039,25.0
iscgem879149,6.51,1960-05-23T00:25:48Z,1960,13168299,2342501,70221,-38.543,-73.866,20.0
iscgem879175,6.42,1960-05-23T05:13:39Z,1960,13185570,2359772,1374,-38.162,-72.691,25.0
iscgem879472,6.58,1960-06-11T15:14:15Z,1960,14863206,1478898,5040,-9.337,152.439,30.0
iscgem880211,6.07,1960-09-01T10:35:07Z,1960,21931258,868801,78352,-16.512,167.69,30.0
iscgem880380,6.35,1960-09-22T09:14:59Z,1960,23740850,122558,40297,-3.25,29.16,15.0
iscgem880837,6.59,1960-11-23T14:12:27Z,1960,29115498,397584,8833,-24.56,-176.31,25.0
iscgem875905,6.58,1961-01-05T17:57:53Z,1961,1287127,1581083,18972,-21.199,169.581,35.0
iscgem875968,6.33,1961-01-16T11:19:39Z,1961,2213633,2507589,74769,36.036,141.629,30.0
iscgem875970,7.03,1961-01-16T12:12:30Z,1961,2216804,2510760,77985,36.226,141.815,30.0
iscgem875972,6.25,1961-01-16T14:03:57Z,1961,2223491,2517447,84751,36.189,142.145,30.0
iscgem875974,6.69,1961-01-16T15:41:13Z,1961,2229327,2523283,4090,36.202,141.741,30.0
iscgem876104,6.32,1961-02-12T23:26:38Z,1961,4590052,2339810,33481,43.866,147.846,34.0
iscgem876687,6.03,1961-06-02T04:51:16Z,1961,14027130,1598236,27019,10.162,39.764,20.0
iscgem876936,6.14,1961-07-08T02:35:22Z,1961,17129376,2150360,49839,-20.237,168.822,35.0
iscgem877038,6.07,1961-07-23T14:03:41Z,1961,18466675,931968,4597,-18.509,168.234,25.0
iscgem877114,6.01,1961-08-01T09:34:40Z,1961,19228134,1693427,28487,-56.831,-24.971,20.0
iscgem17292545,6.04,1962-09-01T03:46:08Z,1962,21864409,175042,56851,51.142,-179.656,35.0
iscgem875458,6.02,1962-10-06T08:03:35Z,1962,24903856,649462,69341,-17.469,168.028,35.0
iscgem17292827,6.03,1962-10-06T23:31:27Z,1962,24959528,705134,38598,-17.531,167.964,35.0
iscgem871788,6.05,1963-02-06T01:21:29Z,1963,3949582,992383,73658,-38.459,-73.465,25.0
iscgem872035,6.5,1963-03-26T13:24:59Z,1963,8140192,90928,5572,-29.979,-178.033,15.0
iscgem872086,6.2,1963-03-31T19:22:53Z,1963,8593666,544402,27092,-30.163,-177.84,51.6
iscgem872159,7.07,1963-04-16T01:55:13Z,1963,9913206,1863942,37643,-1.05,128.043,30.0
iscgem17293856,6.1,1963-06-10T04:16:37Z,1963,14673690,1556217,50608,-55.438,146.713,15.0
iscgem872749,6.1,1963-07-19T05:46:05Z,1963,18048658,2397629,22751,43.344,8.278,15.0
iscgem872841,6.35,1963-07-29T20:14:09Z,1963,18964742,775894,30306,-30.106,-177.264,35.0
iscgem17294062,6.5,1963-07-30T05:45:53Z,1963,18999046,810198,64654,-29.815,-177.08,25.0
iscgem873224,7.0,1963-10-12T11:27:00Z,1963,25413113,2126184,77034,44.647,149.225,37.5
iscgem873253,6.0,1963-10-13T12:58:22Z,1963,25504995,2218066,82793,44.783,150.383,38.6
iscgem873261,6.16,1963-10-13T17:25:55Z,1963,25521048,2234119,12537,44.748,150.76,15.0
iscgem873273,6.04,1963-10-14T04:11:16Z,1963,25559769,2272840,51237,44.641,150.674,37.1
iscgem873279,6.08,1963-10-14T13:21:43Z,1963,25592796,2305867,84334,44.681,150.964,27.4
iscgem873355,6.23,1963-10-20T11:52:21Z,1963,26105834,256188,78838,44.62,150.406,35.7
iscgem873510,6.3,1963-11-10T01:00:39Z,1963,27881132,2031486,72958,-8.976,-71.171,593.9
iscgem869901,6.06,1964-03-28T11:08:28Z,1964,8370403,1241688,4482,59.989,-148.444,20.0
iscgem869937,6.54,1964-03-28T14:46:31Z,1964,8383486,1254771,16180,56.259,-154.214,25.0
iscgem869938,6.3,1964-03-28T14:47:38Z,1964,8383553,1254838,18060,60.227,-146.66,10.0
iscgem869939,6.3,1964-03-28T14:49:15Z,1964,8383650,1254935,18148,60.341,-146.696,10.0
iscgem869987,6.01,1964-03-28T20:29:07Z,1964,8404042,1275327,38021,59.68,-148.861,17.5
iscgem870039,6.16,1964-03-29T06:04:45Z,1964,8438580,1309865,71236,56.148,-154.374,21.9
iscgem870186,6.03,1964-03-30T16:09:28Z,1964,8561263,1432548,21639,56.598,-152.207,15.4
iscgem868350,6.1,1964-04-04T08:40:31Z,1964,8966326,1837611,80955,56.392,-152.82,14.9
iscgem868363,6.3,1964-04-04T17:46:10Z,1964,8999065,1870350,26904,56.259,-154.442,19.9
iscgem868379,6.07,1964-04-05T01:41:45Z,1964,9027600,1898885,55664,56.174,-153.506,27.6
iscgem868842,6.1,1964-04-17T04:49:30Z,1964,10075665,403933,67066,56.336,-152.937,10.0
iscgem867550,6.63,1964-05-07T20:12:50Z,1964,11859065,2187333,19760,40.516,139.125,18.4
iscgem866869,6.46,1964-06-16T06:53:06Z,1964,15267081,527456,58198,38.693,139.218,10.0
iscgem866871,6.24,1964-06-16T07:14:58Z,1964,15268393,528768,59550,38.406,139.387,15.0
iscgem865760,6.3,1964-07-05T19:07:58Z,1964,16952773,2213148,42411,26.22,-110.28,12.0
iscgem866266,6.32,1964-07-24T06:50:52Z,1964,18550147,1279212,61577,47.052,153.857,17.0
iscgem866289,6.43,1964-07-24T17:02:49Z,1964,18586864,1315929,11846,47.117,153.657,22.1
iscgem863545,6.31,1964-10-15T20:26:53Z,1964,25770308,878840,23187,44.606,149.894,35.4
iscgem863564,6.3,1964-10-16T06:59:42Z,1964,25808277,916809,61106,44.401,149.686,38.6
iscgem863582,6.4,1964-10-16T09:18:19Z,1964,25816594,925126,69404,44.343,149.606,37.3
iscgem859264,7.39,1965-02-04T08:40:39Z,1965,3847875,230713,74341,51.436,179.592,9.0
iscgem859637,6.29,1965-02-06T01:40:33Z,1965,3995469,378307,53550,52.998,-162.013,21.7
iscgem857837,6.09,1965-04-18T12:41:56Z,1965,10169552,1426890,39407,-59.674,-26.291,26.6
iscgem854451,7.2,1965-08-11T03:40:57Z,1965,20073093,1180572,53329,-15.47,166.97,18.2
iscgem854468,6.9,1965-08-11T19:52:31Z,1965,20131387,1238866,25261,-15.716,167.125,31.4
iscgem854500,6.9,1965-08-12T08:01:48Z,1965,20175144,1282623,69094,-15.833,167.443,47.6
iscgem854614,6.01,1965-08-14T11:07:46Z,1965,20359102,1466581,80120,-15.811,166.895,16.6
iscgem849991,6.09,1966-02-07T23:06:37Z,1966,4137978,1495233,13574,30.235,69.905,17.2
iscgem848981,6.3,1966-03-06T02:15:55Z,1966,6395736,1178821,27476,31.442,80.507,19.0
iscgem849479,6.2,1966-03-22T08:11:37Z,1966,7799478,12337,57106,37.535,115.039,20.0
iscgem848601,6.05,1966-04-21T17:36:46Z,1966,10425387,75714,11125,35.522,142.165,10.3
iscgem848649,6.07,1966-04-23T08:56:41Z,1966,10566982,217309,61514,-0.595,122.141,25.7
iscgem846868,6.0,1966-06-27T10:41:09Z,1966,16189250,743546,57869,29.498,80.835,29.1
iscgem844645,6.05,1966-08-18T14:34:01Z,1966,20696022,182782,82432,-0.123,124.965,52.9
iscgem844740,6.26,1966-08-20T11:59:13Z,1966,20859534,346294,52993,39.418,41.002,27.1
iscgem843527,6.39,1966-09-15T11:51:59Z,1966,23105500,59929,36234,-60.211,-27.022,38.4
iscgem842283,6.07,1966-10-08T02:34:12Z,1966,25059233,2013662,53113,-16.435,-177.246,11.9
iscgem839324,6.2,1967-01-03T05:52:51Z,1967,1031087,1910380,60905,-11.095,165.56,15.0
iscgem836203,6.22,1967-04-01T12:23:36Z,1967,8657732,1842838,81015,45.638,151.664,34.4
iscgem827807,6.13,1968-01-29T16:42:51Z,1968,3295597,824,9111,43.364,147.253,36.6
iscgem826416,6.07,1968-02-20T23:51:41Z,1968,5222127,1927354,30878,32.04,130.738,15.0
iscgem824681,6.09,1968-03-05T18:38:04Z,1968,6412910,560557,10958,9.51,126.143,30.6
iscgem823402,6.83,1968-04-01T07:13:19Z,1968,8704625,289524,57716,32.272,132.156,33.1
iscgem824323,6.03,1968-04-25T21:25:34Z,1968,10829360,2414259,35631,-15.351,-172.931,10.0
iscgem822047,6.09,1968-05-16T06:36:53Z,1968,12590439,1610159,58178,41.116,143.19,41.5
iscgem822073,6.11,1968-05-16T08:58:14Z,1968,12598920,1618640,66545,41.48,142.715,29.8
iscgem822166,6.09,1968-05-16T19:16:48Z,1968,12636034,1655754,17235,41.35,142.614,43.3
iscgem822175,6.14,1968-05-16T20:22:15Z,1968,12639961,1659681,21174,41.441,142.665,32.7
iscgem822187,6.5,1968-05-16T23:04:57Z,1968,12649723,1669443,31070,39.81,143.221,47.9
iscgem822237,6.16,1968-05-17T10:42:48Z,1968,12691594,1711314,73008,39.707,143.502,34.7
iscgem822266,6.07,1968-05-17T18:17:09Z,1968,12718855,1738575,13808,39.656,143.247,37.5
iscgem822409,6.91,1968-05-20T20:05:52Z,1968,12984578,2004298,29602,-30.754,-178.129,60.1
iscgem822444,6.33,1968-05-21T08:20:02Z,1968,13028628,2048348,66042,44.888,150.168,30.6
iscgem819969,6.22,1968-06-07T21:30:55Z,1968,14544881,1000877,19971,-2.06,120.487,38.9
iscgem820262,6.23,1968-06-12T21:57:42Z,1968,14978488,1434484,26974,39.356,142.967,30.8
iscgem820322,6.1,1968-06-13T21:10:37Z,1968,15062063,1518059,24158,39.447,143.008,33.7
iscgem817856,6.5,1968-08-10T05:51:47Z,1968,20018133,1360946,51384,1.436,126.155,21.3
iscgem817081,6.1,1968-09-16T16:00:53Z,1968,23251479,2045064,6975,-6.025,148.843,65.0
iscgem814154,6.09,1968-12-15T02:28:33Z,1968,30978739,2140024,51084,51.618,175.716,29.4
iscgem812402,6.42,1969-02-20T10:30:20Z,1969,5239838,324320,68595,3.405,128.233,47.5
iscgem812421,6.16,1969-02-20T16:58:14Z,1969,5263112,347594,5480,3.575,128.275,34.0
iscgem812648,6.19,1969-02-28T04:25:35Z,1969,5909153,993635,13406,36.181,-10.54,10.0
iscgem810746,6.14,1969-03-09T14:39:04Z,1969,6723562,1808044,85298,-4.086,135.644,23.3
iscgem810191,6.0,1969-04-26T05:58:52Z,1969,10839550,819791,4357,-30.672,-71.565,38.3
iscgem809404,6.04,1969-05-30T15:55:37Z,1969,13812955,1236585,14652,-32.132,-177.857,29.4
iscgem805428,6.18,1969-08-11T21:26:36Z,1969,20140014,2445318,26312,43.552,147.987,25.0
iscgem805429,6.18,1969-08-11T21:27:29Z,1969,20140067,2445371,26333,43.589,147.853,26.2
iscgem805434,6.18,1969-08-11T21:40:54Z,1969,20140872,2446176,27113,43.585,147.748,25.0
iscgem805532,6.24,1969-08-12T03:33:37Z,1969,20162035,2467339,48277,43.262,147.752,18.0
iscgem805548,6.14,1969-08-12T04:53:39Z,1969,20166837,2472141,53065,43.301,147.692,30.4
iscgem805549,6.87,1969-08-12T05:03:28Z,1969,20167426,2472730,53774,43.598,148.194,28.7
iscgem805554,6.74,1969-08-12T05:53:29Z,1969,20170427,2475731,56828,43.818,148.413,25.0
iscgem805580,6.08,1969-08-12T09:25:40Z,1969,20183158,2488462,69382,43.333,147.677,27.1
iscgem805581,6.08,1969-08-12T09:33:44Z,1969,20183642,2488946,69865,43.518,147.672,30.8
iscgem805701,6.06,1969-08-13T08:31:34Z,1969,20266312,11710,66174,43.981,147.837,40.7
iscgem805834,6.27,1969-08-15T04:32:02Z,1969,20424740,170138,51817,43.157,147.898,29.3
iscgem805850,6.13,1969-08-15T10:02:18Z,1969,20444556,189954,71729,43.12,148.297,21.6
iscgem806540,6.19,1969-08-30T08:28:06Z,1969,21734904,1480302,65964,43.503,147.825,24.1
iscgem802962,6.0,1969-10-01T08:28:16Z,1969,24499714,1686751,12489,-11.842,-75.031,10.0
iscgem803833,6.1,1969-10-27T08:10:57Z,1969,26745075,1377109,33605,44.869,17.285,10.0
iscgem801439,6.13,1969-12-25T22:31:06Z,1970,337647,1428551,66702,16.062,-59.854,20.0
iscgem797298,6.56,1970-04-29T11:22:35Z,1970,11097536,2013196,18683,14.387,-92.802,25.0
iscgem797367,6.63,1970-04-30T08:33:01Z,1970,11173762,2089422,8407,14.569,-93.225,26.4
iscgem795568,6.1,1970-05-14T09:20:22Z,1970,12386203,757769,44925,43.083,47.099,12.8
iscgem796061,6.05,1970-05-27T23:56:41Z,1970,13561982,1933548,34141,40.275,143.085,32.7
iscgem794034,6.2,1970-07-26T07:10:39Z,1970,18685620,1957972,57483,32.168,131.85,46.2
iscgem792729,6.4,1970-08-10T15:15:19Z,1970,20010700,724633,8533,-13.857,166.726,20.0
iscgem792786,6.01,1970-08-12T00:40:43Z,1970,20131024,844957,42441,-13.899,166.66,35.0
iscgem792789,6.38,1970-08-12T01:39:37Z,1970,20134558,848491,45985,-13.858,166.701,35.0
iscgem792274,6.06,1970-09-23T23:12:00Z,1970,23840901,1991448,34258,-6.567,154.743,48.3
iscgem792329,6.5,1970-09-26T12:02:32Z,1970,24059933,2210480,24760,6.288,-77.467,9.4
iscgem790988,6.33,1970-10-10T21:59:43Z,1970,25305364,890894,36475,-31.931,-177.95,20.1
iscgem791005,6.24,1970-10-11T05:38:06Z,1970,25332867,918397,64024,-32.101,-177.762,25.0
iscgem788793,6.2,1970-12-01T18:14:37Z,1970,29784658,248428,18498,-10.918,163.421,10.0
iscgem788836,6.7,1970-12-02T15:25:45Z,1970,29860926,324696,8421,-11.01,163.652,15.0
iscgem788053,6.61,1971-01-10T10:45:07Z,1971,1656569,1123348,72228,-3.078,139.674,30.0
iscgem788067,6.01,1971-01-10T14:29:59Z,1971,1670061,1136840,85752,-3.328,139.807,40.0
iscgem788078,6.06,1971-01-10T16:38:40Z,1971,1677782,1144561,7143,-3.52,140.098,48.2
iscgem784960,6.12,1971-05-25T13:00:18Z,1971,13328680,88111,78347,31.299,131.372,27.4
iscgem782184,6.01,1971-07-14T07:41:12Z,1971,17629534,1849433,64604,-5.675,153.885,40.0
iscgem782231,6.12,1971-07-14T17:38:49Z,1971,17665391,1885290,13890,-5.199,153.173,18.2
iscgem782703,6.0,1971-07-26T04:19:16Z,1971,18654218,327858,52228,-5.46,152.802,40.0
iscgem782768,6.04,1971-07-26T19:15:34Z,1971,18707996,381636,19250,-5.864,151.32,49.6
iscgem782888,6.43,1971-07-28T01:10:24Z,1971,18815686,489326,40906,-5.108,152.845,19.9
iscgem781234,6.49,1971-08-14T09:01:33Z,1971,20312755,1986395,76104,-15.773,-178.291,25.0
iscgem780012,6.11,1971-09-06T13:37:11Z,1971,22316493,1435430,82983,46.729,141.469,21.0
iscgem780102,6.51,1971-09-08T16:59:54Z,1971,22501456,1620393,8632,46.233,140.994,14.3
iscgem779569,6.51,1971-10-24T01:37:29Z,1971,26420511,409113,40016,11.88,142.363,15.0
iscgem779574,6.2,1971-10-24T02:21:02Z,1971,26423124,411726,42634,11.837,142.385,20.0
iscgem778698,6.08,1971-11-21T06:20:01Z,1971,28856663,275654,62777,-11.926,166.568,116.6
iscgem777014,6.13,1972-01-18T22:08:14Z,1972,2367860,213350,28072,-4.749,144.912,25.0
iscgem777043,6.36,1972-01-19T15:00:55Z,1972,2428621,274111,2440,-4.702,144.941,23.4
iscgem777173,6.1,1972-01-24T03:55:47Z,1972,2820713,666203,54084,-13.193,166.408,50.6
iscgem777209,7.11,1972-01-25T03:41:24Z,1972,2906250,751740,42556,23.036,121.97,26.9
iscgem776554,6.05,1972-02-29T09:42:42Z,1972,5951928,1242836,68824,33.502,141.092,56.8
iscgem770248,6.07,1972-08-04T20:01:37Z,1972,19553863,2161371,24579,-11.209,162.009,22.1
iscgem770273,6.05,1972-08-05T06:31:00Z,1972,19591626,2199134,62381,-11.135,162.172,30.5
iscgem770674,6.09,1972-08-18T00:23:51Z,1972,20692797,759482,38076,-6.098,152.691,20.0
iscgem759121,6.39,1973-06-07T18:32:44Z,1973,14516391,568709,44691,14.371,-91.973,67.4
iscgem759378,6.32,1973-06-15T11:20:54Z,1973,15181681,1233999,79590,53.506,161.402,34.0
iscgem759447,6.27,1973-06-17T04:09:14Z,1973,15328581,1380899,50082,42.884,146.368,40.0
iscgem759520,6.28,1973-06-17T20:37:57Z,1973,15387904,1440222,22914,42.742,145.991,37.3
iscgem759794,6.14,1973-06-24T03:04:18Z,1973,15929485,1981803,46340,43.065,147.01,40.0
iscgem759917,6.16,1973-06-26T18:02:24Z,1973,16156171,2208489,13857,43.012,147.141,26.7
iscgem757065,6.3,1973-08-07T03:41:27Z,1973,19733314,722559,82677,-26.874,-70.877,28.1
iscgem757074,6.13,1973-08-07T10:04:25Z,1973,19756292,745537,19221,-26.923,-71.018,15.3
iscgem756557,6.12,1973-09-21T07:31:01Z,1973,23635088,2088343,2554,-4.43,-102.114,10.5
iscgem755129,6.13,1973-10-05T05:47:51Z,1973,24838498,748440,3578,-32.939,-72.058,30.5
iscgem755133,6.13,1973-10-05T07:07:36Z,1973,24843283,753225,8353,-32.996,-72.097,31.8
iscgem755333,6.11,1973-10-11T02:07:41Z,1973,25343688,1253630,611,0.73,-29.376,20.1
iscgem754194,6.39,1973-11-06T18:26:37Z,1973,27648824,1005006,24334,51.512,-175.266,46.8
iscgem753223,6.2,1973-12-01T23:16:57Z,1973,29826244,616911,32662,43.193,146.855,32.0
iscgem753943,6.08,1973-12-29T06:44:17Z,1974,628595,401835,64220,-14.922,166.516,15.0
iscgem752547,6.24,1974-01-11T05:36:33Z,1974,1747731,1520971,60188,-14.187,166.648,20.0
iscgem753186,7.3,1974-01-31T23:30:05Z,1974,3540143,736092,35634,-7.407,155.957,22.8
iscgem753187,6.2,1974-01-31T23:38:08Z,1974,3540626,736575,36085,-7.184,155.822,62.0
iscgem751707,6.1,1974-02-16T01:51:11Z,1974,4844609,2040558,28829,11.567,92.325,16.6
iscgem750300,6.32,1974-03-09T20:18:09Z,1974,6725427,1349065,24175,-7.406,156.195,46.4
iscgem745493,6.8,1974-07-03T23:25:07Z,1974,16759045,1189767,42098,-29.301,-175.873,15.0
iscgem746458,6.33,1974-07-29T03:15:15Z,1974,18932853,832125,48414,46.282,152.913,16.6
iscgem746467,6.48,1974-07-29T07:16:25Z,1974,18947323,846595,62910,46.18,153.023,17.6
iscgem738145,6.13,1974-08-01T05:08:02Z,1974,19198820,1098092,68317,56.458,-152.356,10.0
iscgem736299,6.38,1974-10-10T06:48:15Z,1974,25252833,2088180,58851,41.046,143.151,27.6
iscgem733250,6.1,1975-01-14T19:37:18Z,1975,2036481,206262,15437,-4.908,129.998,13.5
iscgem733391,6.05,1975-01-19T08:12:06Z,1975,2427369,597150,48383,31.885,78.573,10.0
iscgem729795,6.16,1975-04-05T17:50:01Z,1975,9028444,2052155,16231,52.343,160.129,49.3
iscgem729823,6.6,1975-04-06T09:55:21Z,1975,9086364,2110075,74151,52.128,160.129,43.9
iscgem727312,6.69,1975-06-10T14:37:50Z,1975,14719313,71324,1761,43.33,147.88,30.7
iscgem727314,6.56,1975-06-10T14:58:58Z,1975,14720581,72592,2921,43.289,147.432,25.1
iscgem727317,6.18,1975-06-10T15:21:18Z,1975,14721921,73932,4242,43.155,147.35,26.8
iscgem727614,6.53,1975-06-14T18:38:03Z,1975,15079326,431337,16166,43.578,147.847,33.6
iscgem726380,7.3,1975-07-20T19:54:30Z,1975,18194313,1007062,22539,-7.154,155.288,44.9
iscgem726399,6.18,1975-07-20T23:05:21Z,1975,18205764,1018513,33853,-6.604,154.717,56.1
iscgem726408,6.45,1975-07-21T02:04:02Z,1975,18216485,1029234,44718,-6.834,155.32,57.8
iscgem726410,6.76,1975-07-21T02:38:57Z,1975,18218580,1031329,46824,-6.833,155.365,51.6
iscgem726780,6.02,1975-07-30T09:20:46Z,1975,19020289,1833038,63362,-9.979,123.82,35.0
iscgem724554,6.11,1975-09-30T18:17:51Z,1975,24409314,2156349,3976,-4.982,102.107,33.2
iscgem722508,6.45,1975-10-03T17:31:34Z,1975,24665737,2412772,79043,30.395,66.455,10.0
iscgem723130,6.27,1975-10-21T17:12:24Z,1975,26219787,1432147,4731,11.665,121.615,19.5
iscgem723168,6.15,1975-10-22T15:59:47Z,1975,26301830,1514190,401,11.602,121.729,11.6
iscgem718677,6.13,1976-01-06T21:08:21Z,1976,1329767,455299,27925,51.54,159.267,30.2
iscgem719016,6.24,1976-01-14T17:48:39Z,1976,2008985,1134517,21662,-29.543,-176.905,25.0
iscgem719068,6.13,1976-01-15T06:06:46Z,1976,2053272,1178804,65962,-30.07,-176.85,15.0
iscgem719069,6.36,1976-01-15T06:28:18Z,1976,2054564,1180096,67261,-30.04,-176.823,15.0
iscgem719468,6.05,1976-01-22T09:00:55Z,1976,2668521,1794053,68290,44.28,149.313,36.5
iscgem715208,6.11,1976-04-08T02:59:03Z,1976,9299609,726667,26053,40.204,63.794,10.0
iscgem714811,6.63,1976-05-29T14:00:22Z,1976,13745688,44016,74106,24.554,98.684,11.1
iscgem713088,6.09,1976-06-25T19:32:36Z,1976,16098422,2396750,17496,-4.354,139.752,15.0
iscgem711023,6.75,1976-07-11T16:54:33Z,1976,17471339,1217076,42100,7.51,-78.223,10.8
iscgem711742,6.4,1976-07-27T23:17:31Z,1976,18876717,77927,25727,39.306,117.817,15.8
iscgem711773,6.97,1976-07-28T10:45:36Z,1976,18918002,119212,67156,39.724,118.42,19.8
iscgem701334,6.1,1977-03-19T19:35:08Z,1977,7610400,3750,13488,16.922,122.42,25.9
iscgem701450,6.11,1977-03-21T22:42:05Z,1977,7794417,187767,8886,27.607,56.506,15.2
iscgem701567,6.09,1977-03-23T17:10:22Z,1977,7947314,340664,19128,-14.756,-177.893,11.0
iscgem700050,6.79,1977-04-20T23:13:08Z,1977,10388280,218262,35704,-9.822,160.486,11.0
iscgem700053,7.24,1977-04-20T23:42:52Z,1977,10390064,220046,37461,-9.958,160.371,16.3
iscgem700054,7.07,1977-04-20T23:49:16Z,1977,10390448,220430,37967,-9.854,160.882,30.0
iscgem700097,6.08,1977-04-21T07:18:50Z,1977,10417422,247404,64928,-10.202,160.826,20.0
iscgem694740,6.17,1977-08-19T06:43:28Z,1977,20783300,378747,52632,-10.911,118.434,15.0
iscgem694761,6.03,1977-08-19T13:23:36Z,1977,20807308,402755,76801,-10.911,119.108,17.9
iscgem694795,6.07,1977-08-20T02:46:13Z,1977,20855465,450912,75519,16.657,-86.893,12.0
iscgem694802,6.01,1977-08-20T04:20:28Z,1977,20861120,456567,43991,-11.243,118.182,13.5
iscgem694812,6.29,1977-08-20T09:21:50Z,1977,20879202,474649,62286,-11.188,119.07,20.0
iscgem694840,6.59,1977-08-20T19:16:32Z,1977,20914884,510331,11567,-11.104,119.064,19.0
iscgem695103,6.01,1977-08-26T08:26:36Z,1977,21394288,989735,58992,-10.865,119.151,20.0
iscgem692799,6.59,1977-09-04T15:40:56Z,1977,22197948,1793395,12885,51.12,178.458,15.3
iscgem692810,6.64,1977-09-04T17:24:46Z,1977,22204178,1799625,19003,51.066,177.991,19.2
iscgem691494,6.01,1977-10-07T04:45:44Z,1977,25009836,2056977,45296,-10.039,117.303,30.3
iscgem690744,6.36,1977-11-23T09:34:59Z,1977,29087991,1045536,18281,-31.195,-67.577,20.0
iscgem690809,6.02,1977-11-24T02:02:32Z,1977,29147244,1104789,77499,-31.581,-67.724,20.0
iscgem689448,6.08,1977-12-23T21:02:10Z,1978,164341,1135766,23723,39.126,143.307,28.6
iscgem687787,6.21,1978-01-15T06:56:35Z,1978,2100806,529012,68803,-30.19,-177.469,15.0
iscgem686285,6.04,1978-02-10T00:56:19Z,1978,4325590,208939,47217,-30.653,-177.343,10.0
iscgem686312,6.17,1978-02-10T19:32:35Z,1978,4392566,275915,27822,-30.123,-177.222,15.0
iscgem686318,6.26,1978-02-11T00:05:21Z,1978,4408932,292281,44225,-30.154,-177.069,10.0
iscgem686807,6.19,1978-02-21T07:47:21Z,1978,5300652,1184001,58084,-5.062,125.181,520.0
iscgem685204,6.02,1978-03-20T15:42:45Z,1978,7661976,997592,49393,0.794,-29.885,11.7
iscgem685258,6.63,1978-03-22T00:50:34Z,1978,7781245,1116861,38800,44.006,149.026,36.3
iscgem685303,6.38,1978-03-22T21:34:35Z,1978,7855886,1191502,27047,44.136,149.05,36.6
iscgem685313,7.03,1978-03-23T00:31:02Z,1978,7866473,1202089,37604,44.286,148.926,28.2
iscgem685325,6.54,1978-03-23T01:49:36Z,1978,7871187,1206803,42326,43.853,148.962,38.0
iscgem685333,6.23,1978-03-23T02:37:00Z,1978,7874031,1209647,45121,44.1,148.757,33.2
iscgem685419,6.5,1978-03-23T19:12:26Z,1978,7933757,1269373,18679,44.396,149.724,39.6
iscgem685519,6.31,1978-03-24T22:08:57Z,1978,8030748,1366364,29084,44.026,148.947,25.7
iscgem680865,6.6,1978-06-14T13:34:05Z,1978,15084656,757957,78213,8.273,122.369,28.3
iscgem681392,6.05,1978-06-24T09:35:18Z,1978,15934329,1607630,59049,-5.143,102.214,30.0
iscgem673505,6.97,1978-11-04T22:29:25Z,1978,27471976,354173,33485,-11.382,162.167,33.6
iscgem673507,6.1,1978-11-04T22:51:55Z,1978,27473326,355523,34831,-11.189,162.154,30.0
iscgem659314,6.01,1979-09-23T22:43:41Z,1979,23822563,219426,69737,-60.543,-50.352,16.8
iscgem657738,6.08,1979-10-23T08:19:05Z,1979,26362687,194162,68665,-10.678,161.335,54.0
iscgem657965,6.79,1979-10-27T21:43:24Z,1979,26756546,588021,56423,13.78,-90.756,45.5
iscgem651665,6.05,1980-02-23T22:38:52Z,1980,5484546,654479,30402,43.271,146.959,30.0
iscgem651898,6.06,1980-02-27T21:21:54Z,1980,5825528,995461,26556,-6.16,150.176,43.0
iscgem651899,6.43,1980-02-27T21:35:19Z,1980,5826333,996266,27385,-6.129,150.276,35.0
iscgem649194,6.31,1980-03-08T14:29:53Z,1980,6664807,1834740,6958,-22.745,171.522,10.0
iscgem643883,6.1,1980-06-19T06:40:42Z,1980,15535856,554544,54453,9.618,126.713,21.7
iscgem643912,6.02,1980-06-19T15:29:36Z,1980,15567590,586278,86144,9.416,126.535,17.5
iscgem641478,6.01,1980-07-09T02:35:53Z,1980,17249167,2267855,14778,39.191,22.605,32.8
iscgem641556,6.57,1980-07-09T20:56:57Z,1980,17315231,2333919,28876,-12.83,166.08,46.3
iscgem641557,6.53,1980-07-09T21:04:18Z,1980,17315672,2334360,29363,-12.725,166.273,21.4
iscgem636874,6.17,1980-10-10T15:39:12Z,1980,25331366,132574,56725,36.273,1.557,11.5
iscgem637645,7.08,1980-10-25T07:00:09Z,1980,26596223,1397431,66009,-22.16,170.001,25.0
iscgem632850,6.35,1981-01-18T18:11:30Z,1981,2423725,1075649,13398,38.669,142.951,39.3
iscgem632906,6.01,1981-01-19T22:12:40Z,1981,2524595,1176519,28606,-3.447,146.028,15.0
iscgem631819,6.32,1981-02-25T02:35:52Z,1981,5650787,1743726,14908,38.113,23.153,15.0
iscgem626280,6.43,1981-05-06T21:36:05Z,1981,11767200,235014,58312,-1.987,-81.057,15.0
iscgem605356,6.44,1982-01-11T06:49:20Z,1982,1756728,1370359,54405,14.008,124.356,30.7
iscgem605922,6.12,1982-01-20T07:09:18Z,1982,2535526,2149157,48291,7.36,93.889,18.3
iscgem603136,6.02,1982-03-27T18:40:48Z,1982,8279416,202999,19999,-11.124,163.132,29.3
iscgem596720,6.88,1982-06-07T10:59:39Z,1982,14472547,1318760,15957,16.457,-98.425,19.1
iscgem595882,6.04,1982-07-23T17:54:02Z,1982,18471810,255444,12096,36.108,141.895,25.9
iscgem591477,6.21,1982-09-04T02:08:09Z,1982,22130257,1380197,52608,-15.433,-172.838,26.1
iscgem587111,6.07,1982-12-20T01:30:32Z,1982,31372800,403948,49703,-23.917,-175.538,30.0
iscgem587149,6.24,1982-12-20T17:45:29Z,1982,31431297,462445,21739,-23.691,-175.793,30.0
iscgem587150,6.12,1982-12-20T17:46:09Z,1982,31431337,462485,21746,-23.589,-175.933,29.1
iscgem585419,6.0,1983-01-22T01:27:44Z,1983,2666975,677997,29972,-6.721,102.951,25.9
iscgem580514,6.05,1983-03-12T00:53:44Z,1983,6898535,2334114,33927,-4.042,127.933,51.0
iscgem566969,6.38,1983-10-22T05:53:21Z,1983,26270112,1363062,15192,-60.553,-25.041,7.8
iscgem566992,6.45,1983-10-22T13:07:39Z,1983,26296170,1389120,41118,-60.789,-25.589,27.1
iscgem564466,6.16,1983-11-07T08:42:29Z,1983,27662660,210081,62126,1.252,128.24,32.3
iscgem563324,6.06,1983-12-20T18:46:35Z,1983,31414106,1405244,16015,-2.481,145.086,21.1
iscgem563412,6.24,1983-12-21T23:32:14Z,1983,31517645,1508783,34794,-5.441,151.917,45.5
iscgem558710,6.39,1984-02-08T00:39:54Z,1984,4111799,521609,40886,-9.814,160.387,40.0
iscgem553762,6.16,1984-05-26T02:44:50Z,1984,13450495,2156372,63763,-54.805,-135.531,15.0
iscgem539582,6.11,1984-11-21T18:17:53Z,1984,28972078,2441384,20544,-14.488,171.13,25.0
iscgem534753,6.1,1985-01-17T21:44:14Z,1985,2352085,2282257,25872,-3.746,141.744,40.0
iscgem528899,6.39,1985-03-01T17:11:19Z,1985,6050910,858517,4185,-2.036,119.61,20.0
iscgem529091,6.02,1985-03-04T00:11:45Z,1985,6248936,1056543,69910,-32.947,-71.648,25.9
iscgem529093,7.36,1985-03-04T00:32:22Z,1985,6250173,1057780,71133,-33.18,-71.707,35.0
iscgem529111,6.57,1985-03-04T03:32:51Z,1985,6261002,1068609,81887,-32.995,-72.02,35.0
iscgem529115,6.31,1985-03-04T06:06:57Z,1985,6270248,1077855,4711,-33.893,-72.112,30.0
iscgem529154,6.3,1985-03-04T15:01:09Z,1985,6302300,1109907,36936,-33.79,-71.391,55.0
iscgem529166,6.13,1985-03-04T19:03:09Z,1985,6316820,1124427,51400,-32.818,-71.624,35.0
iscgem523338,6.36,1985-06-23T19:49:53Z,1985,15910024,460316,24310,-10.976,163.822,10.0
iscgem515791,6.28,1985-09-15T01:29:25Z,1985,23101596,22170,38045,-4.178,136.167,10.0
iscgem511073,6.01,1985-11-17T14:20:57Z,1985,28591088,432036,83915,-1.724,134.409,25.7
iscgem511978,6.92,1985-11-28T02:25:42Z,1985,29498573,1339521,48649,-14.015,166.283,20.0
iscgem508902,6.51,1985-12-21T02:46:33Z,1985,31487024,784327,50004,-14.071,166.716,25.0
iscgem508936,6.25,1985-12-21T10:01:59Z,1985,31513150,810453,76110,-14.073,166.633,25.0
iscgem494924,6.23,1986-05-07T20:43:34Z,1986,11831755,2471726,32645,51.422,-174.873,32.2
iscgem494957,6.02,1986-05-07T23:36:19Z,1986,11842120,2482091,43229,51.404,-173.959,30.0
iscgem495020,6.41,1986-05-08T05:37:23Z,1986,11863784,2503755,64553,51.378,-175.378,28.3
iscgem490401,6.12,1986-07-10T01:29:38Z,1986,17292119,246888,35713,1.911,126.399,43.3
iscgem488657,6.22,1986-08-15T07:40:45Z,1986,20424786,824700,58008,1.925,126.514,29.1
iscgem488763,6.03,1986-08-16T21:08:29Z,1986,20559650,959564,20071,1.827,126.509,30.2
iscgem488817,6.29,1986-08-17T15:31:21Z,1986,20625822,1025736,86371,2.13,127.043,44.0
iscgem484526,6.04,1986-10-20T14:41:25Z,1986,26152426,1453599,10585,-28.035,-176.254,15.0
iscgem484793,6.45,1986-10-23T16:23:51Z,1986,26417772,1718945,12367,-11.122,165.57,25.0
iscgem484836,6.24,1986-10-24T05:53:18Z,1986,26466339,1767512,60857,-10.907,165.249,25.0
iscgem480644,6.6,1986-11-14T23:04:38Z,1986,28342619,1098150,25913,23.936,121.814,34.3
iscgem478889,6.05,1986-12-20T08:21:20Z,1986,31400021,1611523,74083,-28.275,-176.655,20.0
iscgem475758,6.14,1987-01-03T15:35:06Z,1987,1078378,303919,4821,-3.413,146.313,25.0
iscgem473843,6.37,1987-02-06T12:23:49Z,1987,4004501,686357,78666,37.046,141.824,38.0
iscgem471284,6.93,1987-03-05T10:55:14Z,1987,6331986,468275,22362,-24.57,-70.636,40.0
iscgem471335,6.4,1987-03-06T01:54:51Z,1987,6385963,522252,74632,0.069,-77.746,10.0
iscgem471357,6.05,1987-03-06T07:06:45Z,1987,6404677,540966,8786,-23.966,-70.083,41.7
iscgem471366,6.22,1987-03-06T09:39:56Z,1987,6413868,550157,17989,-24.055,-70.031,44.4
iscgem456817,6.79,1987-09-03T08:01:35Z,1987,22046367,849777,67052,-59.469,158.99,15.0
iscgem458251,6.12,1987-09-23T15:22:48Z,1987,23800840,44074,2472,-50.502,139.6,15.0
iscgem458561,6.05,1987-09-28T07:15:39Z,1987,24203611,446845,66509,-18.323,168.211,31.3
iscgem458580,6.53,1987-09-28T13:46:16Z,1987,24227048,470282,3520,-18.596,168.1,28.4
iscgem453653,6.04,1987-11-24T01:54:18Z,1987,29109130,242484,65483,33.088,-115.732,10.0
iscgem453966,6.16,1987-11-26T17:28:57Z,1987,29338009,471363,16898,-16.363,168.172,23.3
iscgem454322,6.17,1987-11-30T19:48:24Z,1987,29691976,825330,37072,58.339,-142.636,15.0
iscgem450051,6.21,1987-12-07T13:14:36Z,1987,30273148,1406502,1487,-13.559,167.549,33.6
iscgem448554,6.23,1988-01-22T00:36:00Z,1988,2645406,241824,34276,-19.758,133.82,10.0
iscgem448569,6.3,1988-01-22T03:57:27Z,1988,2657493,253911,46378,-19.82,133.883,10.0
iscgem444920,6.35,1988-02-05T18:49:32Z,1988,3920618,1517036,50813,-24.977,-70.664,30.7
iscgem442443,6.51,1988-03-06T23:14:38Z,1988,6528524,1581622,49394,57.688,-142.851,15.0
iscgem440564,6.16,1988-04-13T00:39:32Z,1988,9730418,2241432,71393,-17.35,-72.415,20.0
iscgem437099,6.1,1988-05-05T22:32:51Z,1988,11710017,1679571,53867,-26.765,-113.77,15.0
iscgem428569,6.06,1988-08-10T04:56:42Z,1988,20027448,2358220,56389,-10.164,160.782,35.0
iscgem428578,6.45,1988-08-10T06:38:43Z,1988,20033569,2364341,62530,-10.164,160.863,33.7
iscgem419869,6.85,1988-11-06T13:15:46Z,1988,27660592,2302026,71634,23.183,99.536,15.0
iscgem408732,6.01,1989-04-28T17:38:27Z,1989,11067034,1951545,1422,-4.342,101.316,25.0
iscgem405485,6.04,1989-05-23T17:11:45Z,1989,13225432,1574722,14077,-51.85,160.72,10.0
iscgem395553,6.08,1989-08-20T11:46:30Z,1989,20895517,1626054,52442,11.815,41.887,15.0
iscgem395587,6.07,1989-08-20T19:25:58Z,1989,20923085,1653622,80010,11.722,41.885,11.6
iscgem395619,6.42,1989-08-21T01:09:08Z,1989,20943675,1674212,14185,11.78,41.821,13.9
iscgem395632,6.07,1989-08-21T05:03:08Z,1989,20957715,1688252,28217,11.811,41.79,10.0
iscgem392672,6.17,1989-09-17T00:53:40Z,1989,23275547,1451348,15650,40.231,51.793,35.0
iscgem388931,6.18,1989-10-07T16:42:31Z,1989,25060478,672939,17139,51.196,-179.218,25.0
iscgem388937,6.09,1989-10-07T17:42:37Z,1989,25064084,676545,20771,51.144,-179.111,25.0
iscgem385567,6.26,1989-11-01T18:36:35Z,1989,27227322,270571,14963,39.674,143.204,29.1
iscgem383908,6.0,1989-12-15T18:53:36Z,1989,31029943,1501975,12010,8.407,126.643,15.0
iscgem377915,6.57,1990-02-08T07:47:00Z,1990,4184699,1081618,57952,9.703,124.719,25.0
iscgem376632,6.02,1990-03-25T13:16:07Z,1990,8092446,2434903,27404,9.744,-84.846,25.0
iscgem371589,6.18,1990-04-06T14:57:22Z,1990,9135321,932942,2884,15.229,147.675,22.1
iscgem372839,6.48,1990-04-18T18:33:02Z,1990,10185061,1982682,9896,1.291,122.975,25.0
iscgem372925,6.3,1990-04-19T12:40:41Z,1990,10250320,2047941,75274,1.182,123.473,30.0
iscgem373782,6.25,1990-04-26T09:37:13Z,1990,10844112,104985,58712,36.047,100.332,10.0
iscgem370208,6.48,1990-05-24T19:34:46Z,1990,13299165,28058,78153,5.365,31.946,15.0
iscgem370841,6.28,1990-05-31T00:17:49Z,1990,13834548,563441,7483,45.802,26.727,90.2
iscgem363102,6.05,1990-07-17T18:06:38Z,1990,17959477,2157122,7801,16.486,120.848,25.0
iscgem357328,6.22,1990-09-23T22:09:06Z,1990,23849225,422564,26633,33.216,138.699,15.0
iscgem347196,6.27,1990-12-13T03:01:49Z,1990,30778788,2224634,40107,23.876,121.659,10.0
iscgem347346,6.08,1990-12-13T23:28:07Z,1990,30852366,2298212,27317,23.929,121.792,15.0
iscgem347712,6.19,1990-12-17T11:00:32Z,1990,31153111,23931,19919,6.665,-82.141,20.0
iscgem345381,6.12,1991-01-25T17:38:39Z,1991,2989899,841740,10482,-2.115,139.014,25.7
iscgem341121,6.24,1991-02-09T16:30:35Z,1991,4281815,2133656,11260,-9.835,159.273,22.4
iscgem337861,6.1,1991-03-08T11:54:59Z,1991,6598079,1880597,83017,60.805,167.162,10.0
iscgem334372,6.38,1991-04-04T15:23:21Z,1991,8943381,1667571,36896,-6.097,-77.105,22.1
iscgem337015,6.08,1991-04-29T18:30:42Z,1991,11114622,1291985,77162,42.461,43.837,10.0
iscgem323067,6.27,1991-08-16T22:26:21Z,1991,20546361,590319,50667,41.718,-125.476,20.0
iscgem318623,6.28,1991-09-03T11:56:17Z,1991,22063757,2107715,15136,-18.023,-116.005,10.0
iscgem316516,6.57,1991-10-14T16:16:59Z,1991,25621799,585490,10293,-9.071,158.643,33.8
iscgem310435,6.43,1991-12-13T18:59:09Z,1991,30815529,658971,18312,45.574,151.515,25.0
iscgem310439,6.33,1991-12-13T19:55:09Z,1991,30818889,662331,21609,45.365,151.252,35.0
iscgem310440,6.27,1991-12-13T19:58:21Z,1991,30819081,662523,21826,45.33,151.356,25.0
iscgem311982,6.6,1991-12-28T00:52:13Z,1992,489514,1889755,83628,-56.13,-24.608,20.0
iscgem302322,6.01,1992-02-02T00:22:06Z,1992,3598107,2423551,34872,-51.913,139.777,10.0
iscgem296961,6.07,1992-04-23T14:18:37Z,1992,10646698,1761429,75276,22.47,98.996,10.0
iscgem297384,6.46,1992-04-26T07:41:43Z,1992,10882084,1996815,84266,40.378,-124.321,23.6
iscgem297404,6.61,1992-04-26T11:18:28Z,1992,10895089,2009820,10845,40.381,-124.432,25.7
iscgem291773,7.07,1992-05-17T09:49:19Z,1992,12704140,1267491,65753,7.369,126.644,25.0
iscgem289115,6.49,1992-06-28T15:05:33Z,1992,16351914,2372937,26301,34.196,-116.802,10.9
iscgem282581,6.37,1992-07-18T10:20:13Z,1992,18062794,1548131,71582,39.463,143.205,30.7
iscgem282613,6.05,1992-07-18T11:48:22Z,1992,18068083,1553420,76906,39.137,143.35,39.6
iscgem278027,6.6,1992-08-19T03:12:06Z,1992,20801907,1755416,29122,42.034,73.32,17.4
iscgem278028,6.55,1992-08-19T03:20:29Z,1992,20802410,1755919,29605,42.0,73.237,15.5
iscgem275293,6.06,1992-09-30T09:42:53Z,1992,24454154,342164,78638,51.106,-178.063,20.0
iscgem269197,6.41,1992-10-22T23:08:29Z,1992,26403290,2291300,40793,-29.831,-177.152,15.8
iscgem270731,6.21,1992-10-31T14:46:28Z,1992,27150769,497563,664,-2.291,141.151,25.6
iscgem252903,6.23,1993-01-15T11:06:02Z,1993,2146968,1938191,74595,42.927,144.307,96.6
iscgem241915,6.05,1993-03-06T05:50:04Z,1993,6448010,1097099,60334,-11.032,163.877,25.0
iscgem242320,6.18,1993-03-09T08:10:21Z,1993,6715627,1364716,23288,-60.008,-25.558,25.0
iscgem232502,6.01,1993-05-15T03:09:39Z,1993,12486385,1999240,74128,16.617,-98.548,20.0
iscgem228515,6.5,1993-06-18T17:57:49Z,1993,15477275,2433077,22220,-28.719,-176.872,15.9
iscgem228532,6.07,1993-06-18T19:34:38Z,1993,15483084,2438886,28125,-28.801,-176.471,20.0
iscgem219361,6.33,1993-07-12T14:45:05Z,1993,17539311,1947157,127,43.074,139.262,20.0
iscgem219383,6.1,1993-07-12T16:01:07Z,1993,17543873,1951719,4726,42.732,139.416,20.0
iscgem212905,6.29,1993-08-09T11:38:32Z,1993,19947318,1815270,58883,36.367,70.716,210.0
iscgem207187,6.02,1993-09-10T18:58:54Z,1993,22738540,2071837,46064,14.425,-92.795,30.0
iscgem202352,6.51,1993-10-13T03:07:32Z,1993,25532658,2332635,46344,-5.966,146.218,32.0
iscgem202380,6.01,1993-10-13T05:50:44Z,1993,25542450,2342427,56126,-6.112,146.176,31.5
iscgem192761,6.73,1993-12-09T11:38:29Z,1993,30488115,2210648,72097,0.62,125.785,17.2
iscgem195454,6.72,1993-12-29T08:00:54Z,1994,646506,1377240,69616,-20.184,169.845,20.0
iscgem195460,6.43,1993-12-29T08:39:44Z,1994,648836,1379570,71988,-20.05,170.019,20.0
iscgem185732,6.34,1994-02-16T06:48:58Z,1994,4875790,490744,65044,-20.017,168.775,14.6
iscgem185816,6.0,1994-02-16T22:03:11Z,1994,4930643,545597,33536,-20.307,168.94,11.6
iscgem186570,6.1,1994-02-23T08:02:07Z,1994,5484979,1099933,43469,30.824,60.593,11.4
iscgem181596,6.24,1994-03-14T04:30:10Z,1994,7113862,163533,10446,-1.173,-24.019,10.0
iscgem172914,6.08,1994-05-11T21:14:35Z,1994,12185327,101280,13979,-1.991,99.603,27.7
iscgem174342,6.12,1994-05-23T05:36:04Z,1994,13165816,1081769,49579,24.193,122.563,25.0
iscgem167328,6.35,1994-06-03T21:21:08Z,1994,14172920,2088873,17559,-10.609,112.883,20.0
iscgem169399,6.03,1994-06-15T09:22:58Z,1994,15166630,521790,61042,-10.221,113.601,20.0
iscgem164401,6.64,1994-07-13T03:13:20Z,1994,17563652,365762,51761,-16.742,167.339,27.4
iscgem160728,6.06,1994-08-18T04:45:24Z,1994,20679576,936016,53201,44.558,150.323,40.5
iscgem145030,6.18,1994-10-01T17:46:39Z,1994,24528051,2243634,17879,-17.783,167.834,33.2
iscgem145462,6.36,1994-10-04T13:42:50Z,1994,24772622,2488205,84725,43.687,147.313,35.0
iscgem145529,6.86,1994-10-04T16:06:23Z,1994,24781235,2496818,7099,43.371,147.986,30.0
iscgem147905,6.05,1994-10-09T08:07:05Z,1994,25184477,360717,64772,43.557,148.116,35.0
iscgem147917,6.34,1994-10-09T08:48:56Z,1994,25186988,363228,67289,43.819,148.141,35.0
iscgem137564,6.15,1994-12-28T20:52:27Z,1995,584984,2235504,23016,40.106,142.79,25.0
iscgem137612,6.22,1994-12-28T22:37:48Z,1995,591305,2241825,29557,40.331,143.707,20.0
iscgem123167,6.0,1995-01-07T02:36:08Z,1995,1383205,488430,43550,40.279,142.428,35.0
iscgem119337,6.23,1995-02-13T08:43:39Z,1995,4602056,1158955,62025,-1.261,127.526,20.8
iscgem119379,6.09,1995-02-13T12:29:56Z,1995,4615633,1172532,75564,-1.337,127.369,22.7
iscgem121028,6.07,1995-02-23T05:27:39Z,1995,5454296,2011195,54133,39.836,143.645,15.0
iscgem114474,6.1,1995-03-19T18:34:06Z,1995,7575083,1579579,12842,-4.332,134.987,18.6
iscgem108335,6.19,1995-04-08T01:20:08Z,1995,9241045,688291,49642,-15.258,-173.195,30.0
iscgem110145,6.85,1995-04-21T00:09:56Z,1995,10360033,1807279,30775,12.089,125.748,26.7
iscgem110153,6.81,1995-04-21T00:30:14Z,1995,10361251,1808497,31966,11.989,125.634,26.6
iscgem110249,6.81,1995-04-21T05:17:03Z,1995,10378460,1825706,49217,12.047,125.81,23.6
iscgem111529,6.14,1995-04-28T17:08:44Z,1995,11025961,2473207,10868,43.914,148.104,34.7
iscgem102170,6.21,1995-05-05T04:39:11Z,1995,11585788,471771,46796,12.586,125.191,25.0
iscgem104506,6.43,1995-05-17T11:23:52Z,1995,12646869,1532852,81857,-22.989,170.106,21.6
iscgem96094,6.06,1995-07-30T05:47:04Z,1995,19020261,225247,3911,-23.412,-70.472,40.0
iscgem96263,6.15,1995-07-30T21:05:49Z,1995,19075386,280372,59017,-23.334,-70.552,14.7
iscgem89174,6.01,1995-08-16T14:05:45Z,1995,20518982,1723968,1180,-5.148,153.482,30.0
iscgem89240,7.17,1995-08-16T23:10:28Z,1995,20551665,1756651,34077,-5.812,154.373,50.0
iscgem89258,6.36,1995-08-17T00:15:55Z,1995,20555592,1760578,37990,-5.934,154.314,35.0
iscgem89338,6.36,1995-08-17T10:01:30Z,1995,20590727,1795713,72910,-5.117,153.417,35.2
iscgem90506,6.17,1995-08-24T01:55:36Z,1995,21166373,2371359,41757,18.893,145.091,595.0
iscgem90535,6.09,1995-08-24T07:54:42Z,1995,21187919,2392905,63315,18.838,145.141,595.0
iscgem90536,6.15,1995-08-24T07:55:28Z,1995,21187965,2392951,63370,18.797,145.178,608.3
iscgem73404,6.43,1995-10-03T12:44:59Z,1995,24661336,762614,27211,-2.847,-77.867,20.0
iscgem76982,6.06,1995-10-15T15:04:10Z,1995,25706487,1807765,4973,-6.557,154.68,17.4
iscgem77978,6.05,1995-10-18T23:26:00Z,1995,25995797,2097075,29246,28.251,130.359,29.2
iscgem78028,6.29,1995-10-19T00:32:06Z,1995,25999763,2101041,33190,28.258,130.268,24.4
iscgem78117,6.73,1995-10-19T02:41:39Z,1995,26007536,2108814,40943,28.127,130.187,25.0
iscgem61071,6.35,1995-12-03T18:22:44Z,1995,29952001,959995,15791,44.469,150.116,40.7
iscgem61100,6.43,1995-12-03T19:15:42Z,1995,29955179,963173,18846,44.433,149.604,44.3
iscgem61115,6.45,1995-12-03T19:41:47Z,1995,29956744,964738,20589,44.542,150.342,38.6
iscgem61124,6.15,1995-12-03T19:54:19Z,1995,29957496,965490,21213,44.205,149.81,32.8
iscgem61180,6.48,1995-12-03T21:38:39Z,1995,29963756,971750,27586,44.634,150.281,35.1
iscgem62772,6.14,1995-12-10T22:48:09Z,1995,30572726,1580720,31627,44.169,149.744,30.6
iscgem62956,6.06,1995-12-11T19:44:10Z,1995,30648087,1656081,45702,18.517,-105.62,14.0
iscgem944869,6.0,1996-01-30T22:00:10Z,1996,3419002,896982,36417,-32.839,-178.306,15.0
iscgem947868,6.34,1996-02-17T08:17:16Z,1996,4924828,2402808,62772,-0.985,137.237,20.0
iscgem948139,6.51,1996-02-17T20:18:07Z,1996,4968079,2446059,19366,-0.843,136.165,20.0
iscgem948229,6.4,1996-02-18T02:12:18Z,1996,4989330,2467310,40743,-0.664,136.689,20.0
iscgem948231,6.36,1996-02-18T02:25:35Z,1996,4990127,2468107,41499,-1.28,136.517,15.0
iscgem951302,6.58,1996-03-03T14:55:13Z,1996,6244705,1178705,32889,11.674,-86.767,30.0
iscgem954605,6.1,1996-03-22T04:01:43Z,1996,7847095,235019,57437,51.137,178.893,25.0
iscgem961739,6.05,1996-05-01T09:21:25Z,1996,11322277,1161159,70869,-6.652,154.937,30.0
iscgem961905,6.02,1996-05-02T02:32:36Z,1996,11384148,1223030,46300,-6.575,154.768,30.0
iscgem967330,6.02,1996-06-03T08:15:40Z,1996,14169532,1456169,67528,-9.229,157.454,30.0
iscgem967351,6.05,1996-06-03T10:46:02Z,1996,14178554,1465191,76556,-9.332,157.479,30.0
iscgem968793,7.23,1996-06-10T15:24:58Z,1996,14800090,2086727,13035,51.368,-176.931,27.1
iscgem976679,6.18,1996-07-23T05:20:05Z,1996,18478997,651914,63115,-27.06,-177.044,31.1
iscgem984429,6.15,1996-09-05T09:47:01Z,1996,22296613,1908791,8083,-22.083,-113.079,15.0
iscgem987206,6.39,1996-09-20T00:03:19Z,1996,23557591,608161,30505,9.568,126.277,30.0
iscgem987230,6.52,1996-09-20T04:10:28Z,1996,23572420,622990,45336,9.482,126.287,30.0
iscgem987296,6.03,1996-09-20T12:24:43Z,1996,23602075,652645,75066,9.419,126.597,30.0
iscgem996901,6.07,1996-11-13T02:41:40Z,1996,28232692,167131,77955,-14.93,-75.606,27.4
iscgem1013084,6.34,1997-02-27T21:30:37Z,1997,5901884,1751061,7351,29.999,67.979,23.4
iscgem1019505,6.13,1997-04-01T18:42:14Z,1997,8742981,2050059,50698,-18.296,-69.32,105.6
iscgem1038565,6.04,1997-07-25T07:33:29Z,1997,18638856,1774423,9934,-30.537,-71.983,20.0
iscgem1057007,6.07,1997-12-06T10:59:10Z,1997,30228797,549910,78401,54.033,161.88,25.0
iscgem1066538,6.3,1998-01-27T19:55:02Z,1998,3196080,2516310,28297,-22.587,179.146,612.5
iscgem1083748,6.01,1998-03-25T13:15:01Z,1998,8096879,2317745,83175,-63.676,147.811,15.0
iscgem1167082,6.2,1998-07-17T09:09:36Z,1998,17931754,2006358,67077,-2.877,142.09,30.0
iscgem1177859,6.09,1998-08-20T14:56:40Z,1998,20890178,2423572,9470,51.681,175.294,25.0
iscgem1323109,6.7,1998-11-09T05:30:15Z,1998,27854593,1711251,50778,-7.003,129.013,30.0
iscgem1442823,6.01,1999-01-24T08:08:47Z,1999,2873539,577363,47159,-26.376,74.301,10.0
iscgem1656086,6.2,1999-09-20T18:03:45Z,1999,23558837,936089,7660,23.734,120.98,25.0
iscgem1656088,6.38,1999-09-20T18:11:54Z,1999,23559326,936578,8180,23.857,121.111,22.2
iscgem1656142,6.4,1999-09-20T21:46:41Z,1999,23572213,949465,21013,23.54,120.885,15.0
iscgem1650872,6.23,1999-11-17T11:36:36Z,1999,28546808,805414,77499,-6.07,148.766,45.0
iscgem1658007,6.41,1999-12-07T00:19:51Z,1999,30234203,2492809,50511,57.41,-154.501,48.0
iscgem1658477,6.06,1999-12-24T22:35:41Z,2000,226313,1469043,30305,-56.408,147.35,15.0
iscgem1658659,6.15,1999-12-29T22:53:57Z,2000,659409,1902139,35709,-11.184,165.301,23.2
iscgem1734700,6.06,2000-04-23T17:01:18Z,2000,10660650,1637358,46177,-28.355,-62.921,609.3
iscgem1736016,7.63,2000-06-04T16:39:48Z,2000,14288160,188751,84470,-4.635,102.012,35.0
iscgem1839657,6.38,2000-08-28T19:29:24Z,2000,21642336,2480655,14333,-4.144,127.372,20.0
iscgem1739464,6.44,2000-08-28T19:29:30Z,2000,21642342,2480661,14307,-4.199,127.239,17.0
iscgem1741044,6.02,2000-10-25T05:26:40Z,2000,26602972,2367222,79655,-34.581,-109.773,10.0
iscgem1838801,6.1,2000-11-07T01:22:51Z,2000,27711543,926690,41377,-5.447,151.693,35.0
iscgem1741688,6.73,2000-11-16T07:58:36Z,2000,28512888,1728035,65469,-4.981,153.14,30.0
iscgem1741730,6.24,2000-11-16T11:05:42Z,2000,28524114,1739261,76660,-5.374,152.994,30.0
iscgem1742036,6.74,2000-11-18T06:55:01Z,2000,28681873,1897020,61328,-5.19,151.78,45.0
iscgem1742096,6.04,2000-11-18T23:05:39Z,2000,28740111,1955258,33590,-5.484,153.549,25.0
iscgem1742134,6.05,2000-11-19T05:35:20Z,2000,28763492,1978639,56615,-5.676,152.065,30.0
iscgem1742450,6.49,2000-11-25T18:10:49Z,2000,29327221,2542368,77451,40.198,50.009,35.0
iscgem2681719,6.78,2001-01-01T08:54:32Z,2001,933426,574375,62571,6.589,127.08,35.0
iscgem1763221,6.36,2001-01-02T07:30:05Z,2001,1014759,655708,57468,6.796,126.93,35.0
iscgem1841012,6.2,2001-01-16T13:25:02Z,2001,2245656,1886605,72671,-4.192,101.538,33.8
iscgem1763500,6.16,2001-01-16T13:39:06Z,2001,2246500,1887449,73512,-4.364,101.527,29.6
iscgem1780626,6.05,2001-02-14T14:04:28Z,2001,4753622,1817858,6903,-19.468,177.646,25.0
iscgem1817574,6.18,2001-02-24T16:33:45Z,2001,5626579,115959,3571,1.645,126.444,30.0
iscgem1780666,6.28,2001-02-28T13:05:35Z,2001,5959689,449069,1546,-22.021,170.049,25.0
iscgem1833440,6.25,2001-03-19T05:56:56Z,2001,7575570,2064950,52107,-3.931,127.883,20.0
iscgem1840209,6.19,2001-04-19T20:58:28Z,2001,10308062,2230647,26551,-7.352,156.013,25.0
iscgem1893785,6.93,2001-06-23T23:10:01Z,2001,15931955,213135,65748,-16.739,-73.557,30.0
iscgem2147782,6.34,2001-10-08T18:20:39Z,2001,25159393,1842797,18107,52.656,160.286,30.0
iscgem2379162,6.3,2001-11-22T23:24:50Z,2001,29065644,665091,40650,-16.239,178.169,20.0
iscgem3630610,6.6,2002-01-03T10:17:40Z,2002,1090570,1690216,77416,-17.752,168.153,25.0
iscgem3369659,6.02,2002-09-17T11:20:24Z,2002,23299134,893405,75103,-3.378,142.831,10.0
iscgem3372419,6.02,2002-09-20T13:33:44Z,2002,23566334,1160605,81032,-1.757,134.201,15.0
iscgem3798129,6.07,2002-09-24T04:13:14Z,2002,23878304,1472575,53894,-10.561,161.254,15.0
iscgem3407138,6.25,2002-09-24T22:54:23Z,2002,23945573,1539844,34777,-10.595,161.311,15.0
iscgem3479627,6.71,2002-10-10T12:28:28Z,2002,25290418,349854,77080,-1.601,134.053,15.0
iscgem3479639,6.13,2002-10-10T12:29:37Z,2002,25290487,349923,77155,-1.543,134.078,15.0
iscgem6122051,6.28,2002-11-02T09:46:49Z,2002,27267919,2327355,58345,2.965,96.401,39.5
iscgem6616510,6.13,2003-03-17T18:55:49Z,2003,7407686,1268450,24445,51.321,177.902,35.9
iscgem6834775,6.38,2003-05-04T20:08:46Z,2003,11559263,287638,29763,-30.543,-178.183,36.0
iscgem6851121,6.33,2003-05-26T23:13:58Z,2003,13471175,2199550,26945,6.677,123.781,520.0
iscgem7066909,6.0,2003-08-21T14:12:28Z,2003,20955485,2013584,4826,-45.282,166.995,25.0
iscgem7121197,6.2,2003-09-07T13:16:04Z,2003,22420901,935382,2698,-22.493,172.225,30.0
iscgem7134581,7.35,2003-09-25T21:08:01Z,2003,24004418,2518899,24140,41.799,143.58,32.5
iscgem7137029,6.38,2003-09-27T18:52:49Z,2003,24169106,143017,2638,50.088,87.788,15.0
iscgem7218318,6.75,2003-12-26T21:26:06Z,2004,397337,301385,31452,-22.262,169.526,10.0
iscgem7218581,6.12,2003-12-27T04:55:26Z,2004,424297,328345,58416,-22.008,169.544,11.0
iscgem7219247,6.71,2003-12-27T22:38:03Z,2004,488054,392102,35877,-21.688,169.978,10.0
iscgem7219259,6.28,2003-12-27T22:55:03Z,2004,489074,393122,36850,-21.686,169.78,10.0
iscgem7225274,6.06,2004-01-03T08:09:04Z,2004,1040715,944763,70102,-22.346,169.827,15.0
iscgem7225282,6.35,2004-01-03T08:21:48Z,2004,1041479,945527,70837,-22.379,169.707,15.0
iscgem7225668,6.02,2004-01-03T16:34:30Z,2004,1071041,975089,14057,-22.459,169.948,25.8
iscgem7354797,6.13,2004-06-09T22:49:45Z,2004,14744756,1879068,29332,-51.6,139.78,15.0
iscgem7398298,7.2,2004-09-05T10:07:09Z,2004,22302200,1759395,69259,33.077,136.795,22.6
iscgem7398408,6.51,2004-09-05T14:57:32Z,2004,22319623,1776818,356,33.202,137.101,15.0
iscgem7903322,6.11,2004-10-23T09:03:12Z,2004,26445563,800096,65957,37.352,139.021,11.4
iscgem7421091,6.29,2004-10-23T09:34:06Z,2004,26447417,801950,67809,37.312,139.015,17.6
iscgem7434511,6.35,2004-11-11T17:33:10Z,2004,28117761,2472294,15732,-11.321,162.261,20.0
iscgem7434726,6.34,2004-11-11T22:49:49Z,2004,28136760,2491293,25736,-8.34,124.782,15.0
iscgem7454068,6.28,2004-12-26T10:19:31Z,2005,423474,1241429,59454,13.414,92.848,30.0
iscgem7454132,6.19,2004-12-26T11:05:00Z,2005,426203,1244158,62190,13.511,92.876,14.0
iscgem7454397,6.12,2004-12-26T15:12:21Z,2005,441044,1258999,77067,6.645,93.026,15.0
iscgem7462200,6.06,2005-01-17T10:50:33Z,2005,2326136,600463,72831,11.026,140.829,20.0
iscgem7483546,6.39,2005-03-21T12:43:11Z,2005,7776094,963169,30550,-24.666,-63.505,569.0
iscgem7486249,6.29,2005-03-28T19:02:19Z,2005,8403642,1590717,5617,0.989,97.828,30.0
iscgem7491471,6.25,2005-04-10T10:45:49Z,2005,9497052,137627,62646,-1.622,99.572,27.6
iscgem8301884,6.49,2005-04-10T11:14:19Z,2005,9498762,139337,64382,-1.821,99.68,29.0
iscgem7491672,6.13,2005-04-10T17:24:38Z,2005,9520981,161556,208,-1.583,99.709,29.4
iscgem7396318,6.07,2005-08-09T14:12:21Z,2005,19963844,385655,6508,-21.207,174.03,34.7
iscgem7702406,6.16,2005-09-29T18:23:26Z,2005,24385309,2245080,16281,-5.584,151.981,35.0
iscgem7703182,6.43,2005-10-08T10:46:29Z,2005,25135492,433115,56357,34.709,73.2,12.5
iscgem8079159,6.17,2006-01-23T20:52:32Z,2006,2859455,2050846,56500,7.069,-77.72,20.0
iscgem10697895,6.09,2006-04-20T23:28:06Z,2006,10385589,1948371,38224,60.873,167.245,24.0
iscgem10697979,6.04,2006-04-21T11:14:17Z,2006,10427960,1990742,80713,61.297,167.737,26.6
iscgem8321414,6.48,2006-04-30T21:41:00Z,2006,11243163,266227,61018,-27.26,-71.011,25.9
iscgem10698260,6.16,2006-05-03T17:56:24Z,2006,11488887,511951,22783,-20.554,-174.172,15.0
iscgem11121854,6.55,2006-10-01T09:06:01Z,2006,24503464,768057,69551,46.366,153.294,20.0
iscgem11122135,6.05,2006-10-15T17:14:12Z,2006,25742355,2006948,24595,20.1,-156.073,25.0
iscgem11122426,6.2,2006-11-12T18:21:29Z,2006,28165592,1861645,15957,-6.228,151.117,40.0
iscgem11122458,6.14,2006-11-15T11:25:09Z,2006,28399812,2095865,77784,47.19,152.815,20.0
iscgem11123555,6.91,2006-12-26T12:34:14Z,2007,389528,513207,74196,21.984,120.594,10.0
iscgem10391623,6.48,2007-01-21T11:54:13Z,2007,2633527,201211,73082,0.942,125.957,20.0
iscgem10391652,6.18,2007-01-21T17:32:54Z,2007,2653848,221532,7101,1.055,126.364,20.0
iscgem11691369,6.29,2007-03-06T05:49:26Z,2007,6413240,1431307,45082,-0.528,100.487,19.4
iscgem11698818,6.01,2007-03-17T22:43:08Z,2007,7424462,2442529,62947,4.577,-78.508,10.0
iscgem11703330,6.9,2007-03-25T01:08:19Z,2007,8037973,512745,44764,-20.774,169.439,35.0
iscgem11912531,6.88,2007-04-01T21:11:35Z,2007,8714969,1189741,27299,-7.382,155.852,20.0
iscgem11912538,6.1,2007-04-01T21:15:24Z,2007,8715198,1189970,27493,-7.368,155.707,20.0
iscgem11912698,6.36,2007-04-01T22:57:24Z,2007,8721318,1196090,33726,-7.452,156.179,20.0
iscgem11913266,6.0,2007-04-02T10:49:17Z,2007,8764031,1238803,76440,-7.274,156.182,34.0
iscgem11913322,6.22,2007-04-02T12:02:23Z,2007,8768417,1243189,81173,-8.658,157.627,13.9
iscgem11913856,6.24,2007-04-02T23:20:22Z,2007,8809096,1283868,35427,-8.633,157.524,13.4
iscgem11914816,6.18,2007-04-03T20:26:10Z,2007,8885044,1359816,27715,-20.626,168.939,15.0
iscgem11915447,6.2,2007-04-04T11:00:28Z,2007,8937502,1412274,80176,-20.761,168.952,15.0
iscgem11929614,6.14,2007-04-20T00:26:41Z,2007,10281875,219040,31667,25.612,125.275,15.0
iscgem12649609,6.05,2007-05-06T22:01:09Z,2007,11741943,1679108,36253,-19.365,-179.235,690.4
iscgem13198736,6.09,2007-07-18T00:07:36Z,2007,17970330,302628,44234,-26.252,-177.594,15.0
iscgem12955969,6.05,2007-09-02T02:34:11Z,2007,21953525,1740699,49059,-11.867,165.87,30.0
iscgem12955967,6.27,2007-09-02T02:35:22Z,2007,21953596,1740770,49104,-11.747,165.761,30.0
iscgem12961988,6.08,2007-09-12T14:40:07Z,2007,22861081,93352,77145,-3.222,101.41,55.9
iscgem13203372,6.35,2007-09-13T01:26:36Z,2007,22899870,132141,29130,-1.978,99.727,35.0
iscgem12963412,6.0,2007-09-13T02:51:33Z,2007,22904967,137238,34229,-2.027,99.734,31.0
iscgem12964240,6.26,2007-09-14T06:03:16Z,2007,23002870,235141,46026,-4.416,100.959,22.5
iscgem12972650,6.13,2007-09-27T19:57:45Z,2007,24176139,1408410,26103,-21.262,169.326,17.5
iscgem12973964,6.29,2007-09-28T01:01:50Z,2007,24194384,1426655,44356,-21.286,169.361,17.5
iscgem13204359,6.61,2007-09-30T09:47:51Z,2007,24398745,1631016,74656,-49.282,164.108,10.0
iscgem13233813,6.2,2007-10-02T18:03:53Z,2007,24601307,1833578,26226,54.462,-161.696,32.0
iscgem13242885,6.08,2007-10-15T21:28:24Z,2007,25736778,404864,31128,-44.791,167.604,20.0
iscgem13266211,6.06,2007-11-14T17:44:02Z,2007,28315316,412857,46905,-23.226,-70.572,28.9
iscgem13266835,6.34,2007-11-15T15:03:08Z,2007,28392062,489603,37279,-22.89,-70.456,27.0
iscgem13274061,6.46,2007-11-25T16:02:16Z,2007,29259610,1357151,86153,-8.295,118.406,20.0
iscgem13292587,6.31,2007-12-19T09:44:20Z,2007,31310534,835435,78472,51.091,-179.12,35.0
iscgem13328213,6.43,2008-01-05T11:44:49Z,2008,1229820,2311464,10940,51.131,-130.621,15.0
iscgem13339366,6.03,2008-01-22T07:55:51Z,2008,2684882,1196320,72899,-15.274,-175.22,25.0
iscgem13214085,6.55,2008-02-14T12:08:56Z,2008,4687267,635065,48998,36.37,21.929,38.0
iscgem12942339,6.5,2008-02-24T14:46:23Z,2008,5560714,1508512,77171,-2.412,99.951,35.0
iscgem12942348,6.61,2008-02-25T18:06:05Z,2008,5659096,1606894,2740,-2.324,99.896,32.0
iscgem12942346,6.72,2008-02-25T21:02:18Z,2008,5669669,1617467,13292,-2.273,99.809,30.0
iscgem13487101,6.34,2008-03-12T11:36:56Z,2008,7018147,411762,81930,-16.577,167.143,15.0
iscgem13493106,6.14,2008-03-20T23:12:01Z,2008,7751052,1144667,16641,35.437,81.336,16.3
iscgem13376059,6.33,2008-04-09T11:13:20Z,2008,9435931,285482,80930,-20.166,168.876,30.0
iscgem13376060,6.3,2008-04-09T11:23:39Z,2008,9436550,286101,81567,-20.279,168.951,28.5
iscgem10869573,6.44,2008-04-09T13:03:06Z,2008,9442517,292068,1133,-20.292,168.949,35.4
iscgem10825615,6.3,2008-04-09T14:47:50Z,2008,9448801,298352,7404,-20.078,168.895,35.4
iscgem13225160,6.45,2008-04-15T22:59:53Z,2008,9996724,846275,39757,51.826,-179.32,22.5
iscgem12948710,6.04,2008-04-28T20:26:49Z,2008,11110740,1960291,27775,-20.176,169.025,9.6
iscgem13227629,6.19,2008-05-07T16:02:04Z,2008,11872455,186230,5316,36.186,141.634,33.0
iscgem13227636,6.07,2008-05-07T16:16:37Z,2008,11873328,187103,6217,36.195,141.754,33.5
iscgem12893949,6.09,2008-05-12T11:11:02Z,2008,12286993,600768,65132,31.218,103.627,10.0
iscgem12951470,6.19,2008-07-19T11:01:21Z,2008,18161612,1413765,79194,-11.114,164.641,35.0
iscgem11160944,6.32,2008-08-09T16:36:41Z,2008,19996132,714247,10345,-60.771,153.937,25.0
iscgem11653113,6.04,2008-08-28T15:22:19Z,2008,21633270,2351385,51121,-0.076,-17.576,10.0
iscgem13396080,6.11,2008-10-05T16:11:09Z,2008,24919400,547134,75980,39.492,73.799,25.0
iscgem13398457,6.41,2008-10-28T23:09:57Z,2008,26931728,2559462,13179,30.558,67.425,15.0
iscgem11453307,6.19,2008-11-16T17:34:39Z,2008,28553210,1621247,6187,1.32,122.118,40.0
iscgem12074512,6.25,2008-11-22T16:11:49Z,2008,29066640,2134677,82620,-4.487,101.296,27.6
iscgem11526871,6.01,2009-01-03T21:49:31Z,2009,1158345,638827,24079,-0.35,132.953,35.0
iscgem13989020,7.37,2009-01-03T22:33:42Z,2009,1160996,641478,26823,-0.696,133.338,35.0
iscgem13404587,6.1,2009-01-04T00:00:38Z,2009,1166212,646694,32030,-0.704,133.302,38.1
iscgem12790413,6.01,2009-01-19T03:46:34Z,2009,2475768,1956250,54598,-22.507,170.853,15.0
iscgem14189427,6.03,2009-02-12T03:49:39Z,2009,4549553,1454062,44170,3.955,126.632,26.0
iscgem12700271,6.25,2009-02-12T13:15:06Z,2009,4583480,1487989,78093,4.025,126.615,27.0
iscgem13583512,6.13,2009-08-17T10:10:56Z,2009,20642830,2273780,66325,23.452,123.623,20.0
iscgem13908747,7.62,2009-10-07T22:03:15Z,2009,25091969,1653536,32938,-13.037,166.431,37.1
iscgem17141773,6.81,2009-10-07T22:50:15Z,2009,25094789,1656356,35686,-12.747,166.133,20.0
iscgem17141789,7.42,2009-10-07T23:13:50Z,2009,25096204,1657771,37166,-13.11,166.403,40.5
iscgem13825957,6.24,2009-10-07T23:48:53Z,2009,25098307,1659874,39278,-13.565,166.441,44.6
iscgem13825958,6.45,2009-10-07T23:54:17Z,2009,25098631,1660198,39576,-13.287,166.331,40.0
iscgem13908769,6.42,2009-10-08T08:34:36Z,2009,25129850,1691417,70864,-12.303,166.617,40.0
iscgem17141955,6.06,2009-10-08T10:11:06Z,2009,25135640,1697207,76488,-11.342,165.929,37.6
iscgem15928391,6.4,2009-10-13T20:21:53Z,2009,25604287,2165854,33189,52.486,-167.186,17.4
iscgem13979301,6.17,2009-11-24T13:04:23Z,2009,29206837,669039,5331,-20.689,-173.884,10.0
iscgem16883396,6.64,2010-01-03T21:48:05Z,2010,1137677,1590359,29887,-8.774,157.511,20.0
iscgem16843157,6.02,2010-01-05T13:11:41Z,2010,1279493,1732175,85405,-8.984,157.937,20.0
iscgem14226222,6.0,2010-01-12T22:00:41Z,2010,1916033,2368715,61771,18.353,-72.795,9.4
iscgem14357772,6.13,2010-02-27T07:12:26Z,2010,5837138,1138867,8664,-33.875,-72.011,25.0
iscgem14342359,6.23,2010-02-27T07:37:17Z,2010,5838629,1140358,9942,-36.898,-72.899,35.0
iscgem14869030,6.32,2010-02-27T08:25:27Z,2010,5841519,1143248,12933,-34.789,-72.476,25.0
iscgem14344848,6.16,2010-02-27T17:24:30Z,2010,5873862,1175591,45116,-36.451,-73.144,20.0
iscgem14374363,6.14,2010-03-05T09:19:36Z,2010,6363168,1664897,15999,-36.66,-73.238,30.0
iscgem14554049,6.86,2010-03-11T14:39:45Z,2010,6900777,2202506,35513,-34.346,-71.969,20.0
iscgem14400687,6.16,2010-03-11T15:06:00Z,2010,6902352,2204081,37061,-34.469,-72.082,20.0
iscgem14410557,6.2,2010-03-15T11:08:29Z,2010,7233701,2535430,22502,-35.85,-73.365,15.0
iscgem14573100,6.07,2010-04-14T01:25:16Z,2010,9790708,2521450,28264,33.178,96.454,15.0
iscgem14628620,6.36,2010-04-30T23:16:28Z,2010,11251780,1421253,41162,60.476,-177.609,15.0
iscgem14759693,6.11,2010-05-27T20:48:00Z,2010,13575672,1194216,28517,-13.663,166.822,35.0
iscgem14772608,6.24,2010-06-16T03:06:03Z,2010,15239955,316288,43964,-2.388,136.671,15.9
iscgem14772616,6.56,2010-06-16T03:58:09Z,2010,15243081,319414,47071,-2.345,136.593,15.0
iscgem600183412,6.93,2010-07-18T13:04:10Z,2010,18040642,581022,83177,-5.97,150.53,35.0
iscgem15638869,6.03,2010-07-18T19:48:05Z,2010,18064877,605257,30578,52.815,-169.616,15.0
iscgem15008002,7.31,2010-07-23T22:08:10Z,2010,18505282,1045662,22925,6.716,123.48,605.0
iscgem15640291,7.45,2010-07-23T23:15:10Z,2010,18509302,1049682,26903,6.748,123.308,647.0
iscgem15009694,6.57,2010-07-24T05:35:01Z,2010,18532093,1072473,49758,6.191,123.573,565.5
iscgem15083827,6.11,2010-08-14T07:30:18Z,2010,20353410,361328,60993,12.32,141.566,20.0
iscgem16143362,6.33,2010-08-14T23:01:04Z,2010,20409256,417174,30426,12.205,141.511,20.0
iscgem15214222,6.6,2010-09-29T17:10:52Z,2010,24362644,1838462,7561,-4.954,133.791,20.0
iscgem600190237,6.01,2010-10-08T03:49:10Z,2010,25092142,32681,58103,51.43,-175.198,30.0
iscgem15265938,6.27,2010-10-25T19:37:29Z,2010,26617841,1558380,8327,-3.04,100.328,20.0
iscgem15917521,6.19,2011-01-09T17:21:52Z,2011,1619004,461955,16487,-19.332,168.233,20.0
iscgem16020160,6.51,2011-02-10T14:42:00Z,2011,4374212,648680,82452,4.056,123.05,537.0
iscgem16293283,6.18,2011-03-09T04:37:02Z,2011,6670714,373869,50968,38.661,143.11,22.5
iscgem602442182,6.07,2011-03-09T18:16:17Z,2011,6719869,423024,13625,38.27,142.702,33.8
iscgem16337993,6.47,2011-03-09T21:24:03Z,2011,6731135,434290,24934,38.233,142.882,25.0
iscgem602653817,6.47,2011-03-11T05:54:31Z,2011,6848163,551318,55189,37.569,141.325,35.0
iscgem16304069,6.7,2011-03-11T06:07:20Z,2011,6848932,552087,56113,36.393,141.974,31.4
iscgem16404863,6.04,2011-03-11T06:11:15Z,2011,6849167,552322,56292,36.148,141.741,25.0
iscgem603049301,6.23,2011-03-11T06:12:34Z,2011,6849246,552401,57006,37.87,144.384,15.0
iscgem16404868,6.42,2011-03-11T06:21:29Z,2011,6849781,552936,57193,38.298,142.936,25.0
iscgem602653717,6.42,2011-03-11T06:29:12Z,2011,6850244,553399,57966,37.857,144.228,15.0
iscgem602653706,6.08,2011-03-11T06:33:03Z,2011,6850475,553630,57652,36.618,141.956,25.0
iscgem16476201,6.35,2011-03-11T06:48:47Z,2011,6851419,554574,58789,37.975,142.762,25.0
iscgem602654495,6.21,2011-03-11T06:57:14Z,2011,6851926,555081,58877,35.742,141.014,35.0
iscgem602653669,6.05,2011-03-11T07:13:45Z,2011,6852917,556072,60151,36.06,142.193,15.0
iscgem17193702,6.29,2011-03-11T07:25:33Z,2011,6853625,556780,61440,37.991,144.613,15.0
iscgem16407475,6.09,2011-03-11T07:30:15Z,2011,6853907,557062,60923,37.363,141.284,30.0
iscgem602653450,6.23,2011-03-11T08:27:49Z,2011,6857361,560516,64731,38.022,142.762,25.0
iscgem16304942,6.2,2011-03-11T08:31:08Z,2011,6857560,560715,64578,37.457,141.293,33.0
iscgem16403906,6.09,2011-03-11T08:33:00Z,2011,6857672,560827,65107,39.162,143.031,25.0
iscgem600539099,6.05,2011-03-11T08:40:55Z,2011,6858147,561302,65135,37.409,141.169,34.2
iscgem17193757,6.27,2011-03-11T10:10:34Z,2011,6863526,566681,70863,39.23,142.621,25.0
iscgem17193828,6.0,2011-03-11T12:12:53Z,2011,6870865,574020,78198,38.081,142.605,30.0
iscgem16304982,6.04,2011-03-11T13:16:48Z,2011,6874700,577855,81843,36.41,141.816,30.0
iscgem16305002,6.35,2011-03-11T15:13:15Z,2011,6881687,584842,2451,35.982,141.903,25.0
iscgem16461336,6.02,2011-03-11T15:20:04Z,2011,6882096,585251,2871,36.367,141.947,25.0
iscgem17194026,6.05,2011-03-11T18:11:25Z,2011,6892377,595532,13197,37.204,142.134,25.0
iscgem602653178,6.25,2011-03-11T19:02:58Z,2011,6895470,598625,16510,39.316,143.051,26.5
iscgem16308469,6.12,2011-03-11T20:11:24Z,2011,6899576,602731,20552,39.011,142.786,20.0
iscgem602707301,6.49,2011-03-12T01:47:14Z,2011,6919726,622881,40700,37.607,142.777,15.0
iscgem16310815,6.18,2011-03-12T13:15:42Z,2011,6961034,664189,81652,37.24,141.293,47.4
iscgem17111107,6.55,2011-08-20T17:13:06Z,2011,20885678,1809197,15937,-18.319,168.133,30.0
iscgem603237745,7.05,2011-08-20T18:19:24Z,2011,20889656,1813175,19940,-18.306,168.236,30.0
iscgem603334859,6.05,2011-09-16T21:08:05Z,2011,23232577,1620239,24034,40.249,143.123,25.0
iscgem603415106,6.09,2012-02-03T03:46:21Z,2012,3708978,936423,53736,-17.374,167.316,10.0
iscgem600322439,6.04,2012-02-06T10:10:19Z,2012,3991216,1218661,66171,9.904,123.134,10.0
iscgem605114231,6.12,2012-03-14T10:49:24Z,2012,7190361,1858488,73727,40.806,144.849,10.0
iscgem600862032,6.09,2012-04-12T07:06:00Z,2012,9682557,1787333,84828,28.871,-113.05,10.0
iscgem601106261,6.03,2012-04-21T01:25:13Z,2012,10439710,2544486,37336,-1.681,134.266,25.0
iscgem601096643,6.29,2012-06-04T03:15:24Z,2012,14247921,1222102,78310,5.461,-82.561,10.0
iscgem604846898,6.35,2012-08-11T12:34:35Z,2012,20156672,2016633,56499,38.387,46.769,10.0
iscgem601857803,6.37,2012-10-28T18:54:21Z,2012,26918658,1147910,36230,52.543,-132.631,15.0
iscgem602005586,7.19,2012-12-07T08:18:22Z,2012,30336499,2023822,64489,37.839,144.116,30.0
iscgem602005588,6.2,2012-12-07T08:31:14Z,2012,30337271,2024594,65196,37.975,143.844,30.0
iscgem602401006,6.06,2013-01-30T23:03:45Z,2013,3498728,1653608,36571,-10.601,166.443,20.0
iscgem602386888,6.35,2013-02-01T22:18:33Z,2013,3668816,1823696,33627,-11.133,165.479,14.4
iscgem602419445,6.01,2013-02-06T00:07:23Z,2013,4020946,2175826,40127,-10.801,165.351,20.0
iscgem602419455,7.09,2013-02-06T01:23:21Z,2013,4025504,2180384,44582,-11.22,164.921,20.0
iscgem606935895,6.98,2013-02-06T01:54:15Z,2013,4027358,2182238,46643,-10.496,165.787,14.1
iscgem602563665,6.1,2013-02-06T06:35:19Z,2013,4044222,2199102,63220,-10.807,164.589,12.7
iscgem602426976,6.73,2013-02-07T18:59:16Z,2013,4175259,2330139,21726,-10.995,165.712,15.2
iscgem602428508,6.84,2013-02-08T11:12:12Z,2013,4233635,2388515,80176,-10.865,166.02,12.2
iscgem602566720,6.37,2013-03-01T12:53:52Z,2013,6054135,1661625,84260,50.907,157.619,44.4
iscgem602566723,6.54,2013-03-01T13:20:50Z,2013,6055753,1663243,85878,50.847,157.62,41.1
iscgem602871480,6.06,2013-04-20T13:12:52Z,2013,10375275,877054,85333,50.017,157.341,35.0
iscgem602987347,6.0,2013-05-21T01:55:08Z,2013,13013011,955604,45453,52.414,160.605,35.0
iscgem608588145,6.01,2013-08-31T06:38:38Z,2013,21842821,2105275,68330,51.31,-174.95,30.0
iscgem608607254,6.0,2013-09-04T00:23:11Z,2013,22165894,2428348,56529,51.189,-130.262,10.0
iscgem608607284,6.04,2013-09-04T06:27:04Z,2013,22187727,2450181,67677,51.537,-174.78,26.3
iscgem604162382,6.38,2014-03-17T05:11:35Z,2014,7387234,1372315,1694,-20.033,-70.838,17.8
iscgem607727143,7.0,2014-04-01T23:57:59Z,2014,8750818,191598,69235,-19.99,-71.018,25.0
iscgem604399088,6.59,2014-04-03T01:58:32Z,2014,8844451,285231,76592,-20.328,-70.5,33.7
iscgem604399530,6.5,2014-04-03T05:26:16Z,2014,8856915,297695,2659,-20.756,-70.491,32.2
iscgem604425796,6.23,2014-04-04T01:37:51Z,2014,8929610,370390,75344,-20.59,-70.533,19.5
iscgem604513889,6.49,2014-04-11T08:16:49Z,2014,9558348,999128,67010,-6.842,155.008,50.0
iscgem604452697,6.12,2014-04-12T05:24:23Z,2014,9634402,1075182,56724,-7.024,155.256,18.2
iscgem604513902,6.02,2014-04-12T20:24:45Z,2014,9688424,1129204,26019,-11.357,162.229,25.0
iscgem604453083,7.44,2014-04-13T12:36:17Z,2014,9746716,1187496,84251,-11.437,161.977,25.0
iscgem604513918,6.63,2014-04-13T13:25:02Z,2014,9749641,1190421,786,-11.114,162.017,24.0
iscgem604513952,6.59,2014-04-19T01:04:04Z,2014,10223583,1664363,41073,-6.656,155.124,35.8
iscgem604513967,6.18,2014-04-20T00:15:57Z,2014,10307096,1747876,38243,-7.083,155.359,20.5
iscgem604583685,6.19,2014-05-14T20:56:15Z,2014,12455114,1348914,23767,6.379,144.969,21.8
iscgem604785666,6.48,2014-06-23T19:21:47Z,2014,15905446,2248893,27113,-30.106,-177.475,20.0
iscgem604760168,6.69,2014-06-23T20:06:19Z,2014,15908118,2251565,29786,-30.033,-177.473,20.0
iscgem604760177,6.21,2014-06-23T21:11:41Z,2014,15912040,2255487,32731,51.955,178.461,112.2
iscgem606918380,6.08,2014-06-23T21:30:46Z,2014,15913185,2256632,33867,51.945,178.423,108.7
iscgem604785689,6.34,2014-06-23T22:20:05Z,2014,15916144,2259591,37881,-29.971,-177.186,15.0
iscgem610146243,6.2,2014-06-23T22:29:52Z,2014,15916731,2260178,37447,51.96,178.565,110.6
iscgem604785796,6.01,2014-06-29T14:32:50Z,2014,16406509,195861,45611,-55.416,-28.163,14.4
iscgem609548669,6.43,2014-06-29T15:52:26Z,2014,16411285,200637,15036,-15.027,-175.462,15.0
iscgem610572980,6.56,2014-10-09T02:32:06Z,2014,25176065,1282699,68903,-32.165,-110.932,10.0
iscgem610573832,6.04,2014-11-15T02:34:58Z,2014,28373037,1917498,39595,1.702,126.241,35.0
iscgem611020873,6.01,2015-03-30T07:56:54Z,2015,8499232,858042,73493,-15.468,-173.006,17.8
iscgem606950944,6.3,2015-03-30T08:18:01Z,2015,8500499,859309,74777,-15.394,-172.934,14.5
iscgem610587762,6.03,2015-04-20T12:00:00Z,2015,10328218,147788,72611,24.025,122.548,32.4
iscgem607260065,6.66,2015-04-25T06:45:22Z,2015,10741340,560910,44680,28.137,84.827,21.0
iscgem610587977,6.61,2015-04-30T10:45:04Z,2015,11187722,1007292,75133,-5.345,151.788,50.8
iscgem609816808,6.13,2015-05-12T07:36:53Z,2015,12213231,2032801,48088,27.543,86.148,13.0
iscgem607261306,6.86,2015-05-22T23:59:35Z,2015,13136193,416780,39139,-11.204,163.185,17.1
iscgem607743104,6.18,2015-09-16T23:03:56Z,2015,23241654,318160,65780,-31.736,-71.902,25.0
iscgem608098025,6.23,2015-09-16T23:16:07Z,2015,23242385,318891,66493,-31.661,-71.978,25.0
iscgem610637518,7.1,2015-09-16T23:18:42Z,2015,23242540,319046,66742,-31.549,-71.584,35.7
iscgem610637528,6.44,2015-09-17T01:41:06Z,2015,23251084,327590,75272,-31.075,-71.645,35.0
iscgem608098144,6.48,2015-09-17T03:55:16Z,2015,23259134,335640,83354,-31.392,-71.51,35.0
iscgem607743131,6.76,2015-09-17T04:10:28Z,2015,23260046,336552,84213,-31.524,-71.731,25.0
iscgem611836705,6.1,2015-09-21T05:39:34Z,2015,23610992,687498,3202,-31.613,-71.552,31.2
iscgem610433581,6.05,2015-09-22T07:13:00Z,2015,23702998,779504,8904,-31.448,-71.153,60.1
iscgem611838313,6.79,2015-11-11T02:46:20Z,2015,28006998,2515237,79100,-29.518,-72.004,10.0
iscgem612296714,7.55,2015-11-24T22:45:37Z,2015,29202155,1141108,64911,-10.602,-70.945,603.6
iscgem611839145,6.64,2016-04-07T03:32:54Z,2016,9240297,2511504,52779,-13.92,166.69,41.1
iscgem611829637,6.04,2016-04-20T08:33:45Z,2016,10381548,1113005,11559,0.652,-80.275,10.0
iscgem611829810,6.7,2016-05-18T07:57:03Z,2016,12798546,995252,9454,0.428,-79.873,32.1
iscgem615033176,6.27,2016-11-13T11:32:07Z,2016,28277050,1187636,83203,-42.279,173.652,15.0
iscgem609838923,6.55,2016-12-08T21:56:08Z,2016,30474491,812274,31310,-10.774,161.426,21.5
iscgem611831259,6.91,2016-12-09T19:10:07Z,2016,30550930,888713,21260,-10.797,161.055,18.3
iscgem615092301,6.02,2017-01-03T22:40:13Z,2017,1166162,488821,37480,-19.199,176.116,19.0
iscgem611833705,6.19,2017-05-01T12:31:55Z,2017,11324864,432947,12304,59.875,-136.713,10.9
iscgem611834365,6.33,2017-07-17T11:05:09Z,2017,17972458,2018066,80379,54.571,168.629,13.3
iscgem614999396,6.02,2017-11-01T00:09:31Z,2017,27177920,1054648,41154,-21.7,169.097,23.1
iscgem611573912,6.52,2017-11-01T02:23:57Z,2017,27185986,1062714,49195,-21.463,168.994,16.7
iscgem614999538,6.26,2017-11-19T09:25:48Z,2017,28766497,78220,74453,-21.58,168.773,24.9
iscgem614999540,6.47,2017-11-19T15:09:03Z,2017,28787092,98815,8627,-21.531,168.687,20.8
iscgem611474084,6.06,2017-11-20T00:09:25Z,2017,28819514,131237,41077,-21.491,168.802,21.4
iscgem616640692,6.28,2017-12-08T09:51:08Z,2017,30409617,1721340,69113,10.017,140.189,15.0
iscgem615353083,6.0,2017-12-12T08:43:18Z,2017,30751147,2062870,45147,30.674,57.291,13.6
iscgem611722806,6.23,2018-02-26T15:18:00Z,2018,5784603,929567,3054,-6.474,143.229,20.0
iscgem616641627,6.01,2018-08-12T21:15:02Z,2018,20234825,127037,41846,69.531,-144.403,12.3
iscgem612533099,6.01,2018-08-16T18:21:31Z,2018,20570014,462226,14132,23.388,143.506,15.4
iscgem612543157,6.54,2018-08-19T00:23:04Z,2018,20764507,656719,45151,-18.523,-177.641,568.2
iscgem612543144,6.28,2018-08-19T04:10:21Z,2018,20778144,670356,42995,-8.303,116.562,15.0
iscgem616329797,6.06,2018-09-28T07:00:02Z,2018,24244325,1601914,53966,-0.345,119.852,25.4
iscgem613449576,6.2,2018-10-10T20:45:25Z,2018,25330648,147514,24641,-5.713,151.318,41.7
iscgem615091201,6.1,2018-10-10T20:59:04Z,2018,25331467,148333,25409,-5.852,151.105,68.2
iscgem615435921,6.01,2018-10-10T21:13:16Z,2018,25332319,149185,26260,-5.936,151.1,47.8
iscgem613503541,6.31,2018-10-16T00:28:12Z,2018,25776015,592881,42425,-21.716,169.722,19.8
iscgem613510732,6.49,2018-10-22T05:39:37Z,2018,26313100,1129966,75667,49.007,-129.625,5.0
iscgem613510731,6.46,2018-10-22T06:22:46Z,2018,26315689,1132555,78224,49.131,-129.759,5.0
iscgem614401519,6.05,2018-11-30T17:35:35Z,2018,29725658,1992812,27342,61.276,-149.971,55.0
iscgem616639832,6.04,2018-12-05T04:14:36Z,2018,30109599,2376753,55948,-21.984,169.467,19.9
iscgem614405114,6.69,2018-12-05T06:43:05Z,2018,30118508,2385662,64959,-22.053,169.894,7.1
iscgem614578192,6.09,2019-01-21T23:59:23Z,2019,2684198,1377071,28544,-10.232,119.089,28.4
iscgem614610371,6.14,2019-02-02T09:27:35Z,2019,3668690,2361563,58097,-2.765,100.175,17.5
iscgem616744097,6.07,2019-05-19T14:27:11Z,2019,12845066,1266101,6390,-21.621,169.83,20.0
iscgem615738796,6.36,2019-05-19T14:56:50Z,2019,12846845,1267880,8149,-21.569,169.746,30.4
iscgem616173310,6.34,2019-06-16T05:17:15Z,2019,15231270,1106118,62726,-31.146,-177.958,31.6
iscgem615973484,6.36,2019-06-26T02:18:07Z,2019,16084522,1959370,47670,56.153,164.097,8.0
iscgem617435034,6.0,2019-11-14T18:45:41Z,2019,28326176,1523233,11478,1.448,126.407,44.8
iscgem616781392,6.08,2019-11-14T21:12:56Z,2019,28335011,1532068,20304,1.568,126.367,38.1
iscgem617001523,6.01,2019-12-23T19:49:43Z,2020,142216,2349847,40208,50.427,-129.898,10.0
iscgem618688907,6.49,2020-07-22T06:16:17Z,2020,18410210,132199,70809,54.954,-159.034,10.0
iscgem618688606,6.49,2020-07-22T08:13:29Z,2020,18417242,139231,77759,55.226,-159.378,37.8
iscgem618740201,6.68,2020-08-18T22:23:59Z,2020,20801072,2523061,18518,-4.296,101.166,18.9
iscgem618938658,6.29,2020-09-01T04:30:04Z,2020,21946237,1129704,85528,-28.053,-71.153,28.2
iscgem618947023,6.42,2020-09-01T21:09:19Z,2020,22006192,1189659,59041,-27.947,-71.327,23.6
iscgem619829144,6.12,2021-02-10T13:02:01Z,2021,4417180,2448110,1728,-22.857,171.699,28.1
iscgem619829151,6.41,2021-02-10T16:35:24Z,2021,4429983,2460913,14430,-22.812,171.279,28.2
iscgem619829135,6.28,2021-02-10T18:36:41Z,2021,4437260,2468190,21714,-22.789,171.306,19.7
iscgem619829240,6.38,2021-02-10T21:24:01Z,2021,4447300,2478230,31825,-23.231,171.6,22.4
iscgem619831341,6.06,2021-02-11T06:52:33Z,2021,4481412,2512342,66003,-23.175,171.877,21.1
iscgem619918421,7.44,2021-03-04T17:41:26Z,2021,6334745,1809345,21006,-29.677,-177.837,58.8
iscgem619952997,6.09,2021-03-04T20:25:07Z,2021,6344566,1819166,31061,-28.574,-176.862,13.1
iscgem619918451,6.37,2021-03-05T02:30:37Z,2021,6366496,1841096,53091,-28.785,-176.444,23.4
iscgem619918473,6.01,2021-03-05T08:13:46Z,2021,6387085,1861685,73612,-29.492,-176.727,19.1
iscgem622433317,6.36,2021-03-05T14:24:53Z,2021,6409352,1883952,9513,-29.067,-176.585,15.6
iscgem620360466,6.1,2021-03-06T07:16:37Z,2021,6470056,1944656,69909,-28.509,-177.867,15.6
iscgem620360478,6.15,2021-03-06T10:34:49Z,2021,6481948,1956548,81833,-28.458,-177.736,18.3
iscgem620360488,6.16,2021-03-06T13:12:08Z,2021,6491387,1965987,4907,-28.326,-177.59,29.3
iscgem622450816,6.44,2021-07-29T06:19:21Z,2021,18994620,1659763,71209,54.998,-158.136,2.3
iscgem620984038,6.47,2021-07-29T06:23:30Z,2021,18994869,1660012,71621,55.438,-157.455,39.4
iscgem620930453,6.03,2021-08-03T03:42:09Z,2021,19417188,2082331,35898,8.804,94.039,21.2
iscgem621237435,7.67,2021-08-12T18:32:54Z,2021,20248233,362565,60686,-57.632,-25.367,46.0
iscgem621237485,6.09,2021-08-13T10:34:31Z,2021,20305930,420262,31464,-60.469,-27.53,26.8
iscgem620999428,6.69,2021-08-22T00:45:09Z,2021,21048168,1162500,83257,-60.163,-24.386,13.7
iscgem621403058,6.06,2021-11-14T12:07:04Z,2021,28346683,831147,57084,27.669,56.084,17.6
